# Source: Swiss Ephemeris 2.10.03 (libswisseph-sys 0.1.2), swe_nod_aps, iflag=772 (SEFLG_MOSEPH|SEFLG_SPEED|SEFLG_NOGDEFL); method=4 rows only use iflag=770 (SEFLG_SWIEPH|SEFLG_SPEED|SEFLG_NOGDEFL, DE431-derived sepl_18.se1/semo_18.se1, SHA-256 pinned in the generator) because Moshier cannot produce barycentric positions.
# Nodes/apsides for the classical planets (SE 0-9; mean set drops Pluto). method bit flags: 1=mean, 2=osculating, 4=osculating-barycentric; fopoint=1 means SE_NODBIT_FOPOINT was OR'd onto method (aphelion point replaced by the orbit's focal point). Small bodies (SE 15-20) and fictitious bodies (SE 40-58) are OUT OF SCOPE (offline backend chain cannot serve small bodies; this SE build's swe_nod_aps does not implement fictitious bodies). Times are TT (Terrestrial Time) Julian days.
label,se_body,method,fopoint,jd_tt,asc_lon,asc_lat,asc_dist,asc_dlon,asc_dlat,asc_ddist,dsc_lon,dsc_lat,dsc_dist,dsc_dlon,dsc_dlat,dsc_ddist,peri_lon,peri_lat,peri_dist,peri_dlon,peri_dlat,peri_ddist,apo_lon,apo_lat,apo_dist,apo_dlon,apo_dlat,apo_ddist
Sun,0,1,0,2415100.500000000,0.000000000,0.000000000,0.000000000,0.000000000,0.000000000,0.000000000,0.000000000,0.000000000,0.000000000,0.000000000,0.000000000,0.000000000,230.614634666,-0.000040681,1.268809020,0.494221120,-0.000021046,0.013340710,140.606882823,-0.000033434,1.545815884,0.494485696,-0.000030340,-0.010946520
Sun,0,1,0,2433282.500000000,0.000000000,0.000000000,0.000000000,0.000000000,0.000000000,0.000000000,0.000000000,0.000000000,0.000000000,0.000000000,0.000000000,0.000000000,10.998864117,0.000678449,0.035461130,0.464511611,-0.000320199,-0.017484339,101.066629399,0.000011899,1.999649220,0.501044951,-0.000020498,0.000302900
Sun,0,1,0,2441683.500000000,0.000000000,0.000000000,0.000000000,0.000000000,0.000000000,0.000000000,0.000000000,0.000000000,0.000000000,0.000000000,0.000000000,0.000000000,11.459726851,0.004472599,0.034951933,0.499905457,0.001482976,-0.017495015,101.482179595,0.000078018,1.999686377,0.501346524,-0.000021518,0.000306513
Sun,0,1,0,2451545.000000000,0.000000000,0.000000000,0.000000000,0.000000000,0.000000000,0.000000000,0.000000000,0.000000000,0.000000000,0.000000000,0.000000000,0.000000000,11.699843551,-0.005182875,0.043922908,0.518439161,-0.001921825,-0.017490451,101.680867659,-0.000113802,1.999538556,0.501235601,-0.000002375,0.000386373
Sun,0,1,0,2459000.500000000,0.000000000,0.000000000,0.000000000,0.000000000,0.000000000,0.000000000,0.000000000,0.000000000,0.000000000,0.000000000,0.000000000,0.000000000,266.393881385,-0.000103542,1.913661515,0.486025715,-0.000006819,0.004922317,176.388212685,-0.000340927,0.581233965,0.485452993,-0.000011262,-0.016232161
Sun,0,1,0,2466154.500000000,0.000000000,0.000000000,0.000000000,0.000000000,0.000000000,0.000000000,0.000000000,0.000000000,0.000000000,0.000000000,0.000000000,0.000000000,11.894956891,-0.001189560,0.059347910,0.495562120,-0.000759890,-0.017476791,101.926221712,-0.000035448,1.999094729,0.500971676,-0.000000837,0.000517594
Sun,0,1,0,2477476.500000000,0.000000000,0.000000000,0.000000000,0.000000000,0.000000000,0.000000000,0.000000000,0.000000000,0.000000000,0.000000000,0.000000000,0.000000000,11.970802520,-0.002179040,0.077778187,0.511504096,-0.000632643,-0.017482617,101.936552917,-0.000084855,1.998543139,0.501293366,-0.000005522,0.000678638
Sun,0,1,0,2488021.500000000,0.000000000,0.000000000,0.000000000,0.000000000,0.000000000,0.000000000,0.000000000,0.000000000,0.000000000,0.000000000,0.000000000,0.000000000,348.667697863,0.000068301,0.876267380,0.498115805,0.000015199,-0.015630085,78.675503703,0.000033316,1.797743073,0.498215962,-0.000009658,0.007615943
Moon,1,1,0,2415100.500000000,254.924769366,0.000000000,0.002557834,-0.052948899,0.000009489,0.000000402,74.924769366,-0.000000000,0.002565800,-0.052948899,-0.000009489,-0.000000404,343.295444578,5.143327243,0.002428485,0.112073253,5.143727967,0.000000000,163.295444578,-5.143327243,0.002710625,0.112073253,-5.143727967,0.000000000
Moon,1,1,0,2433282.500000000,12.112312902,0.000000000,0.002703976,-0.052924606,-0.000001908,-0.000000130,192.112312902,0.000000000,0.002433847,-0.052924606,0.000001908,0.000000105,208.779285991,-1.479393850,0.002428485,0.110880808,-1.493504268,0.000000000,28.779285991,1.479393850,0.002710625,0.110880808,1.493504268,0.000000000
Moon,1,1,0,2441683.500000000,287.252891067,0.000000000,0.002669876,-0.052926832,0.000008083,0.000000296,107.252891067,0.000000000,0.002462153,-0.052926832,-0.000008083,-0.000000251,64.866509008,3.473742189,0.002428485,0.111369656,3.462833007,0.000000000,244.866509008,-3.473742189,0.002710625,0.111369656,-3.462833007,0.000000000
Moon,1,1,0,2451545.000000000,125.040685175,0.000000000,0.002460922,-0.052951799,-0.000004672,-0.000000247,305.040685175,-0.000000000,0.002671325,-0.052951799,0.000004672,0.000000291,83.464250479,-3.419723161,0.002428485,0.111325779,-3.408688159,-0.000000000,263.464250479,3.419723161,0.002710625,0.111325779,3.408688159,0.000000000
Moon,1,1,0,2459000.500000000,90.242868491,-0.000000000,0.002595495,-0.052971950,0.000006484,0.000000402,270.242868491,-0.000000000,0.002528989,-0.052971950,-0.000006484,-0.000000382,193.970026368,4.999182797,0.002428485,0.111975249,4.995662815,0.000000000,13.970026368,-4.999182797,0.002710625,0.111975249,-4.995662815,0.000000000
Moon,1,1,0,2466154.500000000,71.412506973,-0.000000000,0.002701638,-0.052924097,0.000010999,-0.000000150,251.412506973,-0.000000000,0.002435745,-0.052924097,-0.000010999,0.000000122,270.824357951,-1.714204924,0.002428485,0.110918693,-1.728111715,0.000000000,90.824357951,1.714204924,0.002710625,0.110918693,1.728111715,0.000000000
Moon,1,1,0,2477476.500000000,191.876130511,0.000000000,0.002585646,-0.052928446,0.000000013,-0.000000405,11.876130511,0.000000000,0.002538410,-0.052928446,-0.000000013,0.000000391,92.171180884,-5.072147046,0.002428485,0.112056742,-5.074610966,0.000000000,272.171180884,5.072147046,0.002710625,0.112056742,5.074610966,0.000000000
Moon,1,1,0,2488021.500000000,353.478681648,-0.000000000,0.002706298,-0.052909922,0.000001712,-0.000000106,173.478681648,0.000000000,0.002431970,-0.052909922,-0.000001712,0.000000085,186.901239166,-1.197452233,0.002428485,0.110857753,-1.211782989,0.000000000,6.901239166,1.197452233,0.002710625,0.110857753,1.211782989,-0.000000000
Mercury,2,1,0,2415100.500000000,11.505614313,0.000041366,1.235049597,0.784360075,0.000027774,0.003455116,335.398944394,0.000067548,0.757793496,1.186637258,0.000053381,-0.007172093,16.300294722,0.925001115,1.117357580,0.802511732,0.920190461,0.004607642,333.718122533,-1.594421190,0.983730025,0.993368998,-1.604685977,-0.007199202
Mercury,2,1,0,2433282.500000000,297.446141571,-0.000029155,0.829108926,1.153241500,0.000036236,0.005229212,264.160042055,-0.000018506,1.309628792,0.735879665,0.000026713,-0.004785914,289.904323694,1.459026241,0.712606186,1.338328355,1.448820130,0.004348057,272.496928530,-1.108934301,1.422899044,0.716288562,-1.110335686,-0.003326130
Mercury,2,1,0,2441683.500000000,297.898413060,-0.000188509,0.829915797,1.152536944,0.000040397,0.005246492,264.550967512,-0.000119575,1.308885664,0.736707820,0.000028091,-0.004792814,290.358555205,1.462344498,0.712847819,1.338156515,1.452251661,0.004371253,272.906569519,-1.112168120,1.422783525,0.716942289,-1.113477121,-0.003331140
Mercury,2,1,0,2451545.000000000,297.783422371,0.000274956,0.827996457,1.155333311,-0.000004234,0.005230542,264.592141445,0.000173708,1.310627660,0.735969826,0.000001563,-0.004761456,290.118025362,1.470358163,0.711497928,1.341727561,1.459673755,0.004333929,272.990427409,-1.114607877,1.423892817,0.716239394,-1.116178068,-0.003296104
Mercury,2,1,0,2459000.500000000,64.984659774,0.000151068,1.311490080,0.738778044,0.000007063,-0.001334122,85.573488497,0.000321680,0.615940908,1.516276939,0.000006151,0.004696584,71.769223040,0.795006733,1.318928928,0.731602462,0.794071259,-0.000157176,63.670815157,-2.861515505,0.556182268,1.781550593,-2.854346439,0.001266930
Mercury,2,1,0,2466154.500000000,297.483153129,0.000085473,0.824444845,1.160358166,0.000018852,0.005193910,264.574841429,0.000053586,1.313679938,0.734447508,0.000007281,-0.004709165,289.601662155,1.482069050,0.709108736,1.347824432,1.471664785,0.004258782,273.041365880,-1.118607768,1.425679398,0.714843894,-1.120008134,-0.003238185
Mercury,2,1,0,2477476.500000000,296.819244730,0.000206624,0.819906639,1.168512969,0.000012319,0.005154437,264.297452420,0.000128520,1.317857876,0.733468702,0.000008956,-0.004642091,288.683825705,1.493302337,0.706406320,1.357077059,1.482826063,0.004165790,272.829374419,-1.120871516,1.427917532,0.713990649,-1.122268033,-0.003161327
Mercury,2,1,0,2488021.500000000,233.037916555,-0.000088436,0.675714491,1.474347741,-0.000002264,0.000110999,231.163487852,-0.000041439,1.441030725,0.691150751,0.000005022,-0.000456428,220.940761623,1.450313430,0.729613340,1.390871348,1.453315801,-0.002191388,240.449409431,-1.130187190,1.421191931,0.673322275,-1.127886169,0.001307514
Venus,3,1,0,2415100.500000000,31.332649045,0.000037164,1.373924895,0.614430793,0.000021478,0.008984685,319.948098546,0.000047823,1.068935423,0.708423143,0.000041309,-0.011093988,46.595486965,2.546240722,0.778239694,0.751383945,2.500485814,0.013879494,339.762280726,-1.285446806,1.562093850,0.624806062,-1.290136963,-0.006634641
Venus,3,1,0,2433282.500000000,321.892203200,-0.000055431,0.435149919,1.715502507,0.000060361,0.011665318,269.927618206,-0.000014511,1.673554435,0.589428097,0.000022957,-0.003070807,234.961628734,3.821000113,0.520432575,1.541401600,3.894674533,-0.009638130,293.047136163,-1.220295346,1.650979343,0.573529979,-1.217228630,0.003065795
Venus,3,1,0,2441683.500000000,322.468334423,-0.000357327,0.437673436,1.702086887,0.000074904,0.011711689,270.266757481,-0.000093589,1.672921669,0.589898117,0.000024012,-0.003092287,235.429450166,3.835459866,0.519220941,1.547827532,3.909700543,-0.009614579,293.434443489,-1.221875851,1.651402806,0.573795866,-1.218726438,0.003059952
Venus,3,1,0,2451545.000000000,322.194349039,0.000524263,0.434240873,1.720927395,-0.000025012,0.011661940,270.327339465,0.000136022,1.673861732,0.589677687,0.000002246,-0.003054646,235.219577726,3.803799951,0.524558728,1.529389372,3.876243715,-0.009674886,293.550412207,-1.224998003,1.649738154,0.573515766,-1.222052086,0.003112463
Venus,3,1,0,2459000.500000000,72.853651837,0.000114429,1.731404135,0.560385470,0.000006926,0.000994307,53.565099343,0.000648623,0.305458828,3.059429739,0.000019365,-0.004657513,95.057393508,1.336529474,1.494069411,0.548241183,1.329537401,0.006774878,26.283697808,-2.181180943,0.927819845,0.865950741,-2.205951504,-0.010721388
Venus,3,1,0,2466154.500000000,321.583210119,0.000164897,0.427702300,1.757752693,0.000045529,0.011557693,270.356780320,0.000041984,1.675516006,0.589152813,0.000003092,-0.002988205,234.766111467,3.746227343,0.533944944,1.497023225,3.817263068,-0.009781575,293.662421593,-1.230522230,1.646650842,0.572993918,-1.227391708,0.003199501
Venus,3,1,0,2477476.500000000,320.423062707,0.000404864,0.418520527,1.815228176,0.000015563,0.011417407,270.168025913,0.000100925,1.677967950,0.589268186,0.000006867,-0.002891641,233.966645880,3.671213926,0.545949967,1.459874115,3.739906670,-0.009927134,293.534415575,-1.235777064,1.642783798,0.573132728,-1.232591245,0.003321300
Venus,3,1,0,2488021.500000000,189.400882883,-0.000129466,0.461629326,1.571192772,-0.000021902,-0.011918738,242.742060547,-0.000035664,1.674016487,0.586004251,0.000007701,0.003041851,192.987793635,1.778300118,1.128449122,0.754940905,1.794634438,-0.010862449,264.979126763,-1.544195704,1.317301191,0.583587192,-1.532639783,0.009086327
Mars,4,1,0,2415100.500000000,29.754355170,0.000022445,2.266425908,0.378576505,0.000011302,0.008576830,268.813921160,0.000044461,1.149339382,-0.017201670,0.000042562,-0.017252396,345.382021419,-1.064008131,2.315440028,0.419782238,-1.066021681,-0.004854027,124.207638840,3.317093878,0.896161276,-0.673526880,3.260995522,0.015844531
Mars,4,1,0,2433282.500000000,7.336914982,-0.000021186,1.143048944,0.041542123,0.000019454,0.017467501,248.514729700,-0.000010589,2.301094146,0.371191143,0.000018533,-0.009143151,312.590877516,-1.167714954,2.104101988,0.387648822,-1.162448766,0.009051226,191.327603258,2.166547220,1.367596187,0.056162305,2.193563915,-0.016810128
Mars,4,1,0,2441683.500000000,7.509620037,-0.000136463,1.146872117,0.044955025,0.000023924,0.017474958,248.783408386,-0.000068127,2.299482622,0.371141267,0.000019046,-0.009184123,313.019716928,-1.166208186,2.104119708,0.387820734,-1.160878243,0.009064429,191.757432334,2.163649353,1.367594067,0.056395579,2.190747864,-0.016822680
Mars,4,1,0,2451545.000000000,7.673839290,0.000199413,1.141803292,0.041644945,-0.000009273,0.017475679,248.880792729,0.000098887,2.302603100,0.371194430,0.000003033,-0.009140963,313.288646650,-1.167027625,2.098966266,0.387105045,-1.161834048,0.009153255,192.235979578,2.145588594,1.377151460,0.062727918,2.171972686,-0.016831072
Mars,4,1,0,2459000.500000000,57.972561374,0.000080956,2.447165103,0.389157847,0.000006188,-0.003386833,199.374415858,0.000284438,0.696620011,-0.894366136,-0.000005567,0.013019938,13.965099600,-1.472178901,1.661724979,0.358856554,-1.484494436,-0.013929660,126.090152992,1.473071834,2.003599209,0.244177742,1.462461188,0.014105600
Mars,4,1,0,2466154.500000000,7.930634206,0.000062208,1.132155121,0.035179429,0.000022264,0.017470934,248.990705092,0.000030436,2.308241974,0.371254567,-0.000000091,-0.009058438,313.652090204,-1.169291216,2.089996843,0.385887462,-1.163910817,0.009296334,192.942689853,2.115438439,1.393435844,0.072993273,2.141262830,-0.016835894
Mars,4,1,0,2477476.500000000,8.121578597,0.000151497,1.118207538,0.024578412,0.000007597,0.017490233,248.945498160,0.000073101,2.316008267,0.372092876,0.000005151,-0.008941292,313.790461789,-1.172946370,2.079430720,0.384858132,-1.167467785,0.009478706,193.477389162,2.083059744,1.412515349,0.084853888,2.108078405,-0.016858473
Mars,4,1,0,2488021.500000000,47.048666378,-0.000124433,0.480329552,-2.063958937,-0.000030880,0.001707524,230.943772004,-0.000023451,2.543740323,0.391521872,0.000007909,-0.000521063,297.251865091,-1.666632162,1.461112604,0.259479621,-1.648340343,0.015940843,184.054423135,1.359892803,2.159482768,0.323600470,1.368082457,-0.013239592
Jupiter,5,1,0,2415100.500000000,88.359615791,0.000009809,5.124163739,0.005349450,-0.000002672,0.017249253,289.883502670,0.000009221,5.442528439,0.062005121,0.000016039,-0.016220443,10.753150955,-1.090902283,5.930109350,0.162978652,-1.090331019,0.002816450,195.340759079,1.589559987,4.483332088,-0.210985411,1.591097068,-0.003961244
Jupiter,5,1,0,2433282.500000000,99.945525488,-0.000005874,4.191561014,-0.238978614,-0.000003423,0.000028269,279.956439217,-0.000004021,6.189351743,0.161937359,0.000012752,-0.000017891,2.174397710,-1.293885757,4.987961960,0.021732625,-1.289371746,0.017349312,203.617008152,1.269161502,5.601386311,0.047180788,1.273020007,-0.017023087
Jupiter,5,1,0,2441683.500000000,100.141148254,-0.000037451,4.190911254,-0.239164372,-0.000002074,0.000091954,280.226970109,-0.000025405,6.189974556,0.162018932,0.000012555,-0.000058665,2.551308172,-1.292221759,4.988699277,0.021852169,-1.287684682,0.017358502,203.995578666,1.267922167,5.600681130,0.047123336,1.271804124,-0.017035044
Jupiter,5,1,0,2451545.000000000,100.486687564,0.000054361,4.190122390,-0.239199970,-0.000007064,-0.000032813,280.441023619,0.000036805,6.190725014,0.161949983,0.000004644,0.000025947,2.964226859,-1.292609966,4.980081408,0.020211875,-1.288142706,0.017379291,204.401797765,1.264456323,5.609148425,0.048419296,1.268238497,-0.017002223
Jupiter,5,1,0,2459000.500000000,95.775804447,0.000032651,6.067212412,0.143616925,0.000006678,0.007517431,287.470743322,0.000045367,4.366366090,-0.175425401,-0.000005727,-0.010439249,23.238448013,-1.150391110,5.588902633,0.124219816,-1.152956597,-0.012510152,184.953410326,1.431805939,4.949744077,-0.089919235,1.427294326,0.015635874
Jupiter,5,1,0,2466154.500000000,101.040110237,0.000016708,4.189140837,-0.239057095,0.000017258,-0.000258221,280.750593493,0.000011258,6.191684139,0.161846438,-0.000007425,0.000176928,3.587907031,-1.293879179,4.965160654,0.017469578,-1.289349305,0.017406334,205.008364963,1.258743098,5.623710478,0.050642534,1.262509341,-0.016938859
Jupiter,5,1,0,2477476.500000000,101.563559844,0.000040394,4.188541199,-0.239156715,0.000002668,-0.000575873,280.936470042,0.000027302,6.192359403,0.161904029,0.000001862,0.000391535,4.070001822,-1.296498822,4.947147212,0.014038447,-1.291954293,0.017459765,205.466546895,1.252975085,5.641231095,0.053390714,1.256683114,-0.016880452
Jupiter,5,1,0,2488021.500000000,110.931518783,-0.000012968,4.590962389,-0.114028099,-0.000016351,-0.014788927,274.145185204,-0.000010079,5.900265910,0.126530915,0.000013442,0.011521496,7.967002127,-1.528798007,4.189318357,-0.173815024,-1.524253107,0.012706799,201.249978849,1.123326555,6.283466633,0.137789538,1.124975329,-0.009409096
Saturn,6,1,0,2415100.500000000,106.716227563,0.000005668,8.733071842,-0.032689754,-0.000005215,0.016519821,297.866361368,0.000004696,10.458691916,0.044348715,0.000012216,-0.015241703,84.812966925,-0.915904707,9.072805687,0.008134744,-0.914178693,0.017185852,276.761929836,0.916207024,10.141024706,0.013139005,0.917761376,-0.017130997
Saturn,6,1,0,2433282.500000000,114.821682872,-0.000003104,8.100966727,-0.119518462,-0.000005387,-0.004468799,292.050129856,-0.000002320,11.006529822,0.089076469,0.000010586,0.003654468,91.133936110,-1.007098742,8.050277209,-0.123166076,-1.006750468,0.002968069,272.788332248,0.819331766,11.061533668,0.090109216,0.819511468,-0.002409577
Saturn,6,1,0,2441683.500000000,115.002829905,-0.000019450,8.099930684,-0.119732563,-0.000004460,-0.004405761,292.276924301,-0.000014353,11.007584092,0.089179331,0.000010199,0.003603851,91.594036270,-0.995418371,8.050929245,-0.123246277,-0.995058917,0.002946682,273.242968777,0.809788990,11.060869231,0.090173918,0.809977162,-0.002390553
Saturn,6,1,0,2451545.000000000,115.265914744,0.000028133,8.101154621,-0.119541478,-0.000005874,-0.004501370,292.479426366,0.000020717,11.006823717,0.089058799,0.000004742,0.003682574,92.186627426,-0.981791179,8.050277780,-0.123446330,-0.981510010,0.002741432,273.712541423,0.798537006,11.061242121,0.090217425,0.798670561,-0.002223120
Saturn,6,1,0,2459000.500000000,109.732194943,0.000020188,9.811680321,0.075577700,0.000006268,0.010967775,298.152809346,0.000021199,9.342556000,-0.068659706,-0.000005495,-0.012742433,91.143801406,-0.784920166,9.963432852,0.090200756,-0.784442797,0.006077642,275.999572089,0.953606475,9.163471324,-0.094223776,0.954357003,-0.007343467
Saturn,6,1,0,2466154.500000000,115.682038487,0.000008568,8.103697172,-0.119063310,0.000013512,-0.004675714,292.780790128,0.000006273,11.005073452,0.088880953,-0.000008453,0.003825313,93.092283520,-0.961640384,8.049342929,-0.123631866,-0.961364888,0.002400159,274.409344200,0.781776429,11.061753142,0.090312526,0.781887529,-0.001946244
Saturn,6,1,0,2477476.500000000,116.054346994,0.000020837,8.107446453,-0.118567152,0.000001397,-0.004939963,292.987199243,0.000015338,11.002276354,0.088701886,0.000001070,0.004043134,93.846131267,-0.946023379,8.048044396,-0.124010413,-0.945823290,0.002008717,274.921843808,0.768751372,11.062638718,0.090487292,0.768839929,-0.001628292
Saturn,6,1,0,2488021.500000000,120.378689587,-0.000006860,8.644644984,-0.043573267,-0.000014250,-0.016091822,289.755344589,-0.000005618,10.540162114,0.051358211,0.000013298,0.014604713,99.696507958,-0.899431849,8.332897817,-0.080288460,-0.900806573,-0.012561881,271.448664266,0.773254067,10.825590838,0.071088286,0.772496837,0.010760092
Uranus,7,1,0,2415100.500000000,70.712543477,0.000002404,19.623926938,0.016541678,-0.000007407,0.016302733,256.395752421,0.000002521,18.779237839,-0.012240420,0.000011508,-0.016782352,170.995348014,0.808218466,17.345706715,-0.056377278,0.808089199,0.002848440,351.964288897,-0.729184360,21.092587254,0.046554498,-0.729267081,-0.002531997
Uranus,7,1,0,2433282.500000000,72.397320661,-0.000001439,18.433066245,-0.048147764,-0.000007399,0.008090926,254.990357229,-0.000001341,19.933084820,0.045617677,0.000009996,-0.007375978,175.236995975,0.775879220,18.053048537,-0.013492275,0.776607171,-0.016857462,349.632400092,-0.752352581,20.429621905,0.016630679,-0.751745024,0.016346369
Uranus,7,1,0,2441683.500000000,72.508256127,-0.000008630,18.438921392,-0.048035327,-0.000006670,0.008175015,255.129426987,-0.000007996,19.927561196,0.045557704,0.000009467,-0.007453665,175.583332138,0.775647150,18.051778175,-0.013558361,0.776382754,-0.016863262,349.981072766,-0.752033444,20.430853455,0.016682486,-0.751419607,0.016350480
Uranus,7,1,0,2451545.000000000,72.650001600,0.000012380,18.441323717,-0.048136902,-0.000005746,0.008118418,255.252947235,0.000011460,19.925159300,0.045600583,0.000005255,-0.007400946,175.982561294,0.774997427,18.059543887,-0.013141069,0.775710611,-0.016897396,350.366150622,-0.751953364,20.423323143,0.016299749,-0.751358739,0.016396243
Uranus,7,1,0,2459000.500000000,73.898059983,0.000009738,20.331645337,0.047653039,0.000006347,0.001334048,254.342822249,0.000010985,18.025257218,-0.053725100,-0.000006114,-0.001458144,170.183931174,0.772182984,18.122711482,-0.010566459,0.771462508,0.016704372,356.080362471,-0.753703202,20.364985783,0.014213294,-0.754314962,-0.016288263
Uranus,7,1,0,2466154.500000000,72.878530949,0.000003686,18.443983152,-0.048253719,0.000012443,0.008001582,255.442680306,0.000003401,19.922419052,0.045745112,-0.000009975,-0.007292783,176.587140778,0.773884866,18.073175729,-0.012352391,0.774610189,-0.016947632,350.947350576,-0.751928754,20.410081873,0.015708165,-0.751324643,0.016466806
Uranus,7,1,0,2477476.500000000,73.079618589,0.000009125,18.443039511,-0.048601791,0.000000606,0.007811456,255.578907321,0.000008441,19.923051289,0.046007237,0.000000632,-0.007115958,177.065994110,0.772750081,18.090060791,-0.011413847,0.773470173,-0.017030950,351.397914330,-0.752110192,20.393671797,0.014938470,-0.751505244,0.016575608
Uranus,7,1,0,2488021.500000000,75.716407733,-0.000003190,18.422252611,-0.049667062,-0.000015262,-0.006831175,253.429417272,-0.000002943,19.942368834,0.046736923,0.000013993,0.006193231,177.019859298,0.740015945,18.880394499,0.030366302,0.740580710,-0.014427610,352.053384913,-0.782445315,19.592698207,-0.025385978,-0.781834926,0.015230560
Neptune,8,1,0,2415100.500000000,129.202011505,0.000001531,29.452136865,-0.021273910,-0.000006381,0.013334821,312.111601220,0.000001455,30.783338323,0.021659183,0.000008486,-0.012758647,45.363732321,-1.728801541,30.543119911,0.021461680,-1.728122734,0.011670328,228.091330525,1.810199791,29.694615861,-0.020770237,1.810977341,-0.012197227
Neptune,8,1,0,2433282.500000000,132.235657463,-0.000000957,29.242477877,-0.028886726,-0.000005929,-0.009355333,310.284523923,-0.000000910,30.982125014,0.027950512,0.000007735,0.008852146,45.885302077,-1.799828964,29.253336103,-0.021549969,-1.798950599,0.014718906,228.854060607,1.729600104,30.987724006,0.021754859,1.730376870,-0.014142742
Neptune,8,1,0,2441683.500000000,132.489835877,-0.000005498,29.240524424,-0.028956132,-0.000005375,-0.009322574,310.548203101,-0.000005198,30.983993635,0.028003333,0.000007252,0.008820809,46.216874336,-1.797327362,29.254619994,-0.021526764,-1.796443984,0.014737606,229.189593943,1.727336591,30.986493994,0.021734438,1.728117388,-0.014161377
Neptune,8,1,0,2451545.000000000,132.789089154,0.000007820,29.243327778,-0.028857710,-0.000004353,-0.009414500,310.827512036,0.000007384,30.981367828,0.027878428,0.000004161,0.008909484,46.602205049,-1.794842514,29.248382941,-0.021756559,-1.793977571,0.014658654,229.557365163,1.724279783,30.992492950,0.021878377,1.725038791,-0.014079855
Neptune,8,1,0,2459000.500000000,130.323294270,0.000006475,30.567115140,0.015434211,0.000005039,0.014835079,313.735009822,0.000006669,29.675464093,-0.014143519,-0.000004583,-0.015297053,49.102799311,-1.703021390,30.784216392,0.030287516,-1.703362335,-0.006721843,227.691185553,1.813189476,29.441215967,-0.031378097,1.812772882,0.007172073
Neptune,8,1,0,2466154.500000000,133.247946800,0.000002272,29.248777141,-0.028598509,0.000009321,-0.009573705,311.250243121,0.000002137,30.976244916,0.027718003,-0.000007911,0.009063035,47.188114928,-1.791273873,29.237549925,-0.022071477,-1.790400092,0.014517308,230.111610710,1.719637612,31.002900085,0.022186462,1.720378978,-0.013934772
Neptune,8,1,0,2477476.500000000,133.619982818,0.000005728,29.256573197,-0.028320106,0.000000402,-0.009806508,311.573497790,0.000005408,30.968899397,0.027490044,0.000000416,0.009287901,47.655909856,-1.788804558,29.224040131,-0.022543510,-1.787954461,0.014353942,230.539191118,1.715771949,31.015875767,0.022569111,1.716506867,-0.013766097
Neptune,8,1,0,2488021.500000000,134.757038729,-0.000001941,29.937036897,-0.004414200,-0.000011127,-0.017227667,311.036013849,-0.000001917,30.310656468,0.006609795,0.000011058,0.017039384,49.476042277,-1.808693562,28.851162777,-0.034486572,-1.808624810,0.001875690,229.620776014,1.693620519,31.369696749,0.031874530,1.693695971,-0.001763429
Moon,1,1,1,2415100.500000000,254.924769366,0.000000000,0.002557834,-0.052948899,0.000009489,0.000000402,74.924769366,-0.000000000,0.002565800,-0.052948899,-0.000009489,-0.000000404,343.295444578,5.143327243,0.002428485,0.112073253,5.143727967,0.000000000,163.295444578,-5.143327243,0.000282140,0.112073253,-5.143727967,0.000000000
Moon,1,1,1,2433282.500000000,12.112312902,0.000000000,0.002703976,-0.052924606,-0.000001908,-0.000000130,192.112312902,0.000000000,0.002433847,-0.052924606,0.000001908,0.000000105,208.779285991,-1.479393850,0.002428485,0.110880808,-1.493504268,0.000000000,28.779285991,1.479393850,0.000282140,0.110880808,1.493504268,0.000000000
Moon,1,1,1,2451545.000000000,125.040685175,0.000000000,0.002460922,-0.052951799,-0.000004672,-0.000000247,305.040685175,-0.000000000,0.002671325,-0.052951799,0.000004672,0.000000291,83.464250479,-3.419723161,0.002428485,0.111325779,-3.408688159,-0.000000000,263.464250479,3.419723161,0.000282140,0.111325779,3.408688159,-0.000000000
Mercury,2,1,1,2415100.500000000,11.505614313,0.000041366,1.235049597,0.784360075,0.000027774,0.003455116,335.398944394,0.000067548,0.757793496,1.186637258,0.000053381,-0.007172093,16.300294722,0.925001115,1.117357580,0.802511732,0.920190461,0.004607642,351.802069113,-0.552979863,0.967332448,1.044078204,-0.553690985,-0.002299446
Mercury,2,1,1,2433282.500000000,297.446141571,-0.000029155,0.829108926,1.153241500,0.000036236,0.005229212,264.160042055,-0.000018506,1.309628792,0.735879665,0.000026713,-0.004785914,289.904323694,1.459026241,0.712606186,1.338328355,1.448820130,0.004348057,276.790086299,-0.475974471,1.130779332,0.894460042,-0.475986174,-0.001434861
Mercury,2,1,1,2451545.000000000,297.783422371,0.000274956,0.827996457,1.155333311,-0.000004234,0.005230542,264.592141445,0.000173708,1.310627660,0.735969826,0.000001563,-0.004761456,290.118025362,1.470358163,0.711497928,1.341727561,1.459673755,0.004333929,277.208088739,-0.478413081,1.131259833,0.894488360,-0.478663188,-0.001418489
Sun,0,2,0,2415100.500000000,0.000000000,0.000000000,0.000000000,0.000000000,0.000000000,0.000000000,0.000000000,0.000000000,0.000000000,0.000000000,0.000000000,0.000000000,230.607350715,-0.000098375,1.268991305,0.350022513,-0.000035675,0.017120422,140.599441158,0.000015555,1.545663985,0.350266825,-0.000016776,-0.014275347
Sun,0,2,0,2433282.500000000,0.000000000,0.000000000,0.000000000,0.000000000,0.000000000,0.000000000,0.000000000,0.000000000,0.000000000,0.000000000,0.000000000,0.000000000,11.026405157,-0.003327122,0.035676127,0.475883854,-0.002515733,-0.017463102,101.073015420,0.000085713,1.999662307,0.501664652,-0.000016148,0.000302175
Sun,0,2,0,2441683.500000000,0.000000000,0.000000000,0.000000000,0.000000000,0.000000000,0.000000000,0.000000000,0.000000000,0.000000000,0.000000000,0.000000000,0.000000000,11.505766502,0.003769963,0.034534872,0.528846339,0.000888463,-0.017510502,101.469860221,0.000091527,1.999732469,0.500870456,-0.000016910,0.000302775
Sun,0,2,0,2451545.000000000,0.000000000,0.000000000,0.000000000,0.000000000,0.000000000,0.000000000,0.000000000,0.000000000,0.000000000,0.000000000,0.000000000,0.000000000,11.687394455,-0.003947049,0.043561184,0.517898770,-0.001590739,-0.017486104,101.670137530,-0.000142607,1.999527647,0.501373630,0.000000999,0.000385980
Sun,0,2,0,2459000.500000000,0.000000000,0.000000000,0.000000000,0.000000000,0.000000000,0.000000000,0.000000000,0.000000000,0.000000000,0.000000000,0.000000000,0.000000000,266.363043827,-0.000073006,1.913940011,0.487387778,0.000002402,0.004903757,176.354215965,-0.000445665,0.580186043,0.486734347,-0.000045903,-0.016189408
Sun,0,2,0,2466154.500000000,0.000000000,0.000000000,0.000000000,0.000000000,0.000000000,0.000000000,0.000000000,0.000000000,0.000000000,0.000000000,0.000000000,0.000000000,11.878224789,-0.002040313,0.058969200,0.493946238,-0.000814048,-0.017472177,101.914974145,-0.000009737,1.999083126,0.501119398,-0.000007026,0.000514859
Sun,0,2,0,2477476.500000000,0.000000000,0.000000000,0.000000000,0.000000000,0.000000000,0.000000000,0.000000000,0.000000000,0.000000000,0.000000000,0.000000000,0.000000000,11.994873688,-0.001957604,0.079186373,0.513015845,-0.000557541,-0.017299208,101.978203285,-0.000092343,1.998429239,0.506640181,-0.000005950,0.000600068
Sun,0,2,0,2488021.500000000,0.000000000,0.000000000,0.000000000,0.000000000,0.000000000,0.000000000,0.000000000,0.000000000,0.000000000,0.000000000,0.000000000,0.000000000,348.643014614,0.000150373,0.875492365,0.612038722,-0.000031585,-0.012131715,78.649886488,-0.000007970,1.798127789,0.612110819,0.000014505,0.005715196
Moon,1,2,0,2415100.500000000,253.688930115,0.000000000,0.002591180,-0.027306238,-0.000000002,-0.000000471,73.688930115,0.000000000,0.002492821,-0.027306276,0.000000002,-0.000030353,3.599900079,4.753555124,0.002404008,5.177283932,-0.142220783,-0.000022766,183.599900079,-4.753555124,0.002694658,5.177282749,0.142220757,-0.000007373
Moon,1,2,0,2433282.500000000,12.557322345,0.000000000,0.002703927,-0.138086114,0.000000004,0.000001948,192.557322345,-0.000000000,0.002434892,-0.138086148,-0.000000004,0.000020479,201.668934777,-0.796350764,0.002433334,-2.259415972,0.185491506,0.000021307,21.668934777,0.796350764,0.002705852,-2.259415590,-0.185491476,0.000000894
Moon,1,2,0,2441683.500000000,286.802808001,0.000000000,0.002662306,-0.021948217,0.000000001,0.000005784,106.802808001,-0.000000000,0.002466198,-0.021948223,-0.000000001,0.000014782,59.589594460,3.885056372,0.002423747,1.029001607,-0.064331805,0.000019107,239.589594460,-3.885056372,0.002713614,1.029001280,0.064331785,-0.000000045
Moon,1,2,0,2451545.000000000,123.953312512,-0.000000000,0.002445371,-0.054472286,0.000000000,0.000011589,303.953312512,0.000000000,0.002647441,-0.054471783,0.000000000,0.000008935,72.978125902,-4.075602494,0.002391328,1.646657663,0.097108797,0.000017428,252.978125902,4.075602494,0.002713841,1.646656872,-0.097108628,0.000001217
Moon,1,2,0,2459000.500000000,89.238590091,0.000000000,0.002613909,-0.011187264,0.000000000,0.000004349,269.238590091,-0.000000000,0.002469115,-0.011187264,-0.000000000,-0.000000711,220.922398897,3.927376426,0.002434906,0.244061626,-0.015638248,-0.000001321,40.922398897,-3.927376426,0.002653373,0.244061921,0.015638266,0.000005228
Moon,1,2,0,2466154.500000000,72.822192397,0.000000000,0.002701149,-0.079722152,-0.000000001,-0.000006608,252.822192397,-0.000000000,0.002470927,-0.079722156,0.000000001,-0.000005126,276.715304168,-2.120245436,0.002461018,3.605945171,-0.304470271,-0.000008347,96.715304168,2.120245436,0.002713091,3.605944959,0.304470253,-0.000002703
Moon,1,2,0,2477476.500000000,192.234537069,-0.000000000,0.002612164,-0.266139136,0.000000006,0.000000832,12.234537069,-0.000000000,0.002549798,-0.266139091,-0.000000006,0.000020906,88.382618961,-4.845280478,0.002456209,3.267035491,-0.065604713,0.000019565,268.382618961,4.845280478,0.002718272,3.267036672,0.065604737,0.000000698
Moon,1,2,0,2488021.500000000,354.954487171,-0.000000000,0.002733866,-0.165505710,-0.000000009,0.000003355,174.954487171,0.000000000,0.002419524,-0.165505682,0.000000009,-0.000005601,199.224932243,-2.094935390,0.002406012,-1.506205708,0.109952186,-0.000004332,19.224932243,2.094935390,0.002751326,-1.506205816,-0.109952191,0.000001821
Mercury,2,2,0,2415100.500000000,11.505486397,0.000041366,1.235039776,0.784956060,0.000029607,0.003445919,335.398457639,0.000067547,0.757796651,1.186735916,0.000049078,-0.007148006,16.299706294,0.924918728,1.117359476,0.849022138,-0.004182286,0.004869074,333.717696590,-1.594361776,0.983719924,0.902487127,-0.011975814,-0.007651076
Mercury,2,2,0,2433282.500000000,297.446365356,-0.000029155,0.829108213,1.153236816,0.000038793,0.005229154,264.160350351,-0.000018506,1.309618145,0.735877994,0.000024385,-0.004785221,289.902285630,1.459317415,0.712588784,1.385940102,-0.006097124,0.002992873,272.498831707,-1.109102151,1.422903812,0.698135071,-0.001757289,-0.002295766
Mercury,2,2,0,2441683.500000000,297.898370726,-0.000188510,0.829912585,1.153090425,0.000042779,0.005243603,264.551119330,-0.000119575,1.308888781,0.736706693,0.000025918,-0.004792849,290.357468911,1.462462880,0.712839801,1.385806925,-0.006037808,0.002998355,272.907458500,-1.112248111,1.422793088,0.699195640,-0.001788954,-0.002291857
Mercury,2,2,0,2451545.000000000,297.783336836,0.000274955,0.827998764,1.155285498,-0.000002616,0.005230993,264.592063369,0.000173709,1.310625897,0.735965021,0.000000093,-0.004761834,290.118225207,1.470331572,0.711501627,1.389061346,-0.006112011,0.002956466,272.990193407,-1.114600238,1.423890534,0.698297233,-0.001764220,-0.002251030
Mercury,2,2,0,2459000.500000000,64.984917924,0.000151069,1.311483767,0.738862654,0.000005898,-0.001332931,85.573239751,0.000321683,0.615935181,1.516039233,0.000009718,0.004695142,71.769039535,0.794958508,1.318922030,0.736399839,-0.000412666,0.000673635,63.671271334,-2.861435827,0.556177951,1.740624565,-0.008785783,-0.001719406
Mercury,2,2,0,2466154.500000000,297.483302100,0.000085473,0.824445236,1.158207713,0.000015522,0.005199524,264.574901642,0.000053586,1.313675211,0.734975033,0.000010284,-0.004710974,289.601312311,1.482145980,0.709104511,1.391390737,-0.005964616,0.002870574,273.041757469,-1.118645662,1.425677787,0.698729708,-0.001823304,-0.002170152
Mercury,2,2,0,2477476.500000000,296.818916484,0.000206623,0.819909892,1.168528641,0.000012329,0.005154101,264.297307456,0.000128519,1.317859563,0.733472527,0.000008948,-0.004642002,288.684653397,1.493156521,0.706417438,1.402122230,-0.005752112,0.002734797,272.828504140,-1.120803451,1.427913824,0.697299331,-0.001639171,-0.002086862
Mercury,2,2,0,2488021.500000000,233.038092868,-0.000088436,0.675717651,1.474719945,0.000003090,0.000038492,231.163356306,-0.000041439,1.441032370,0.691025317,0.000001413,-0.000347773,220.942135865,1.450180936,0.729601216,1.315235798,0.009625334,-0.003360250,240.448156651,-1.130058968,1.421200528,0.716122543,-0.000711547,0.002370933
Venus,3,2,0,2415100.500000000,31.332837370,0.000037165,1.373900645,0.614439416,0.000026474,0.008984287,319.948531065,0.000047822,1.068954144,0.708543776,0.000034836,-0.011094719,46.569481044,2.527719686,0.781432996,0.870543826,-0.040192201,0.012474589,339.658561953,-1.282619231,1.560455977,0.596192587,-0.004941092,-0.005959330
Venus,3,2,0,2433282.500000000,321.890991291,-0.000055436,0.435105691,1.715782903,0.000075028,0.011666097,269.929118969,-0.000014511,1.673562242,0.588965991,0.000019116,-0.003020063,234.907645513,3.813950516,0.522426309,1.430552588,0.100142659,-0.015170417,293.116021053,-1.223206961,1.650352895,0.495473803,0.007061508,0.004894504
Venus,3,2,0,2441683.500000000,322.466308626,-0.000357344,0.437653031,1.704895595,0.000088445,0.011702177,270.267660355,-0.000093589,1.672919699,0.589882536,0.000020442,-0.003090017,235.387248744,3.829732734,0.520825809,1.313244094,0.085094958,-0.010619584,293.489762421,-1.224245764,1.650898583,0.652108025,0.000367575,0.003402509
Venus,3,2,0,2451545.000000000,322.197644186,0.000524257,0.434246189,1.720999156,-0.000015797,0.011661605,270.327084151,0.000136025,1.673827618,0.589694351,-0.000000163,-0.003053552,235.133177801,3.792586287,0.527843438,1.335729701,0.088710002,-0.012248143,293.663315493,-1.229805493,1.648658579,0.597160560,0.002772266,0.003971261
Venus,3,2,0,2459000.500000000,72.853918768,0.000114428,1.731418873,0.560382732,0.000004299,0.000994287,53.563629289,0.000648624,0.305458510,3.059395324,0.000034374,-0.004657935,95.074486755,1.337579576,1.493754079,0.587815227,-0.006506305,0.007306913,26.292657151,-2.181146203,0.928354306,0.763989200,-0.027269669,-0.011580839
Venus,3,2,0,2466154.500000000,321.584578286,0.000164898,0.427699112,1.757611160,0.000026478,0.011553409,270.356870372,0.000041984,1.675498289,0.589305864,0.000007993,-0.002986484,234.720967516,3.739917581,0.535830303,1.310941215,0.086606328,-0.012331778,293.726929941,-1.233242600,1.646020690,0.595697685,0.002917713,0.004054892
Venus,3,2,0,2477476.500000000,320.419816607,0.000404864,0.418520906,1.814957295,0.000015617,0.011417244,270.168292662,0.000100924,1.677980769,0.589297130,0.000006854,-0.002892813,234.025370353,3.679587351,0.543244407,1.290788584,0.084433877,-0.012400267,293.442056036,-1.231777248,1.643688955,0.595589530,0.002995342,0.004131535
Venus,3,2,0,2488021.500000000,189.401454584,-0.000129470,0.461615727,1.563086694,0.000001181,-0.011971476,242.741461466,-0.000035665,1.674006825,0.585316536,0.000001283,0.003062162,192.978493180,1.778210316,1.128150787,0.704877328,0.018042340,-0.010057243,264.968075049,-1.543350396,1.317548955,0.673343899,0.008177946,0.008424093
Mars,4,2,0,2415100.500000000,29.755224910,0.000022446,2.266342081,0.378888737,0.000016111,0.008641339,268.817088817,0.000044460,1.149361530,-0.021884471,0.000032594,-0.017155238,345.401751425,-1.063808077,2.315724697,0.414189161,-0.001965880,-0.004326866,124.254146953,3.318807940,0.895400083,-0.613131990,-0.053006915,0.014419345
Mars,4,2,0,2433282.500000000,7.337624981,-0.000021184,1.143126250,0.041555674,0.000028338,0.017468280,248.512781987,-0.000010589,2.301186632,0.371155705,0.000013886,-0.009142540,312.606827184,-1.167697406,2.104069736,0.401600907,0.005237577,0.009411061,191.351809867,2.165551288,1.367935778,0.016895172,0.027686505,-0.017466939
Mars,4,2,0,2441683.500000000,7.505010969,-0.000136481,1.146722732,0.043329025,0.000032167,0.017442693,248.783744305,-0.000068125,2.299542412,0.371042214,0.000014715,-0.009186047,313.040200911,-1.166128306,2.103642452,0.406504239,0.005243575,0.009315925,191.791736110,2.162262829,1.368266861,0.025898261,0.027365428,-0.017345735
Mars,4,2,0,2451545.000000000,7.676911826,0.000199427,1.141719408,0.041999328,-0.000003677,0.017477204,248.882744922,0.000098883,2.302703047,0.371068107,0.000000105,-0.009111260,313.313452918,-1.167166055,2.098725280,0.402677822,0.005291998,0.009484951,192.277061512,2.144359951,1.377702847,0.025680393,0.027104098,-0.017394431
Mars,4,2,0,2459000.500000000,57.972480597,0.000080949,2.447369316,0.389147234,0.000003215,-0.003381465,199.376011339,0.000284446,0.696598949,-0.894227945,0.000005453,0.013020127,13.929334120,-1.473176281,1.660975217,0.330252679,-0.012426643,-0.014000717,126.054895294,1.472841232,2.004547741,0.266655720,-0.010395273,0.014171885
Mars,4,2,0,2466154.500000000,7.924297572,0.000062207,1.132190629,0.035318689,0.000010740,0.017470208,248.988911920,0.000030438,2.308073715,0.371324140,0.000005877,-0.009061248,313.627257527,-1.169241298,2.090162672,0.399797668,0.005393058,0.009635100,192.905091808,2.116800408,1.392851193,0.033458615,0.026568904,-0.017463940
Mars,4,2,0,2477476.500000000,8.123689118,0.000151493,1.118238714,0.025251074,0.000007628,0.017497184,248.945807129,0.000073101,2.316003610,0.372227873,0.000005135,-0.008938614,313.799175707,-1.173097297,2.079485697,0.397410651,0.005525583,0.009846793,193.492805952,2.082823603,1.412542470,0.043905511,0.025878814,-0.017490100
Mars,4,2,0,2488021.500000000,47.032966839,-0.000124484,0.480134592,-2.064028877,0.000004793,0.001712905,230.940865601,-0.000023449,2.543912038,0.391597840,0.000000784,-0.000365496,297.283858142,-1.667058233,1.460174666,0.313355682,0.017718508,0.015298059,184.087391029,1.359184237,2.160317197,0.322732384,0.007777408,-0.012567730
Jupiter,5,2,0,2415100.500000000,88.348155468,0.000009805,5.126192746,0.005239220,0.000007120,0.017152798,289.871380246,0.000009224,5.441032065,0.062066845,0.000006770,-0.016231999,10.430811083,-1.091749097,5.929887731,0.171859424,0.000593673,0.003036030,194.870462259,1.591612283,4.483930079,-0.201602114,0.001557410,-0.004423613
Jupiter,5,2,0,2433282.500000000,99.959283578,-0.000005875,4.190613304,-0.239140587,0.000007662,-0.000011348,279.965813781,-0.000004021,6.189970618,0.161847796,0.000005199,-0.000018200,2.316799150,-1.295200728,4.982920975,0.030679989,0.004502572,0.017252440,203.758015174,1.269260859,5.606549598,0.046149266,0.003828038,-0.016952427
Jupiter,5,2,0,2441683.500000000,100.123734930,-0.000037445,4.191581867,-0.239027277,0.000008207,-0.000076626,280.215097631,-0.000025404,6.190278449,0.162079672,0.000005548,-0.000063530,2.527685535,-1.293072399,4.991282097,0.047150140,0.004425322,0.016911765,203.970269332,1.268964413,5.598713484,0.061529735,0.003767466,-0.016773638
Jupiter,5,2,0,2451545.000000000,100.519220135,0.000054410,4.186312883,-0.239432203,-0.000000135,-0.000039394,280.463191092,0.000036764,6.197667636,0.161758407,-0.000000077,0.000033753,4.159236532,-1.297275844,4.959363419,0.021583474,0.004549913,0.017393012,205.565276828,1.259182614,5.632628632,0.046384391,0.003775709,-0.016878788
Jupiter,5,2,0,2459000.500000000,95.790830160,0.000032635,6.070124440,0.143544720,0.000001245,0.007544011,287.489633905,0.000045375,4.365662382,-0.175412549,0.000001873,-0.010443686,22.851215757,-1.152795946,5.583585217,0.117299840,-0.002554665,-0.012350324,184.478082204,1.431225763,4.958752404,-0.085611637,-0.004443477,0.015423702
Jupiter,5,2,0,2466154.500000000,101.041581117,0.000016705,4.189738154,-0.238972628,0.000003186,-0.000257176,280.751676753,0.000011252,6.195269780,0.161787179,0.000002161,0.000183137,4.008311276,-1.296355045,4.963786382,0.022387577,0.004540118,0.017374094,205.410052151,1.257748318,5.628159112,0.047410637,0.003769228,-0.016855331
Jupiter,5,2,0,2477476.500000000,101.612484154,0.000040397,4.188156352,-0.239001977,0.000002707,-0.000587322,280.969802052,0.000027300,6.192885232,0.162004268,0.000001835,0.000405211,4.183560737,-1.297381743,4.943702769,0.019540996,0.004573312,0.017410344,205.576642879,1.252903607,5.645056642,0.048842912,0.003734757,-0.016812699
Jupiter,5,2,0,2488021.500000000,110.953199222,-0.000012962,4.592915646,-0.113817251,0.000000373,-0.014816622,274.168393854,-0.000010075,5.902776168,0.126435021,0.000000328,0.011502999,8.266357407,-1.530341795,4.193000969,-0.170061994,0.004437186,0.012117855,201.464385813,1.123459865,6.282423969,0.135602370,0.001610609,-0.009000459
Saturn,6,2,0,2415100.500000000,106.780695633,0.000005626,8.795090559,-0.032184302,0.000004152,0.016776933,297.890797706,0.000004701,10.449207403,0.044621770,0.000003517,-0.015234189,86.337796344,-0.857969826,9.115859691,0.004875489,0.001540063,0.017523880,278.247209106,0.853561845,10.148284747,0.012059283,0.001530321,-0.017110055
Saturn,6,2,0,2433282.500000000,114.845078867,-0.000003106,8.095609347,-0.119406690,0.000003978,-0.004500737,292.061977261,-0.000002332,10.946799634,0.089689209,0.000002956,0.003561377,89.167579710,-1.086174893,8.045892265,-0.129594352,0.000148179,0.003265995,271.193174439,0.884024070,11.002323892,0.084110593,0.000464547,-0.002762129
Saturn,6,2,0,2441683.500000000,115.017070866,-0.000019473,8.090174436,-0.119887811,0.000004226,-0.004396805,292.280986140,-0.000014427,10.950326637,0.089639701,0.000003128,0.003686254,91.442947287,-1.001838102,8.042396743,-0.125851858,0.000233650,0.002740338,273.124719748,0.814551234,11.001860033,0.088211621,0.000258718,-0.002124966
Saturn,6,2,0,2451545.000000000,115.233377081,0.000028014,8.135653798,-0.118940666,-0.000000031,-0.004535916,292.460239625,0.000020684,11.024232057,0.089010965,-0.000000029,0.003697491,88.368757922,-1.131054684,8.084188216,-0.116275677,0.000701180,0.003586432,270.598699091,0.922328931,11.083738187,0.093268710,0.000085456,-0.002938683
Saturn,6,2,0,2459000.500000000,109.743850016,0.000020046,9.881070215,0.075055533,0.000000789,0.011026654,298.141041821,0.000021240,9.324668234,-0.068810248,0.000000884,-0.012737739,89.139088444,-0.864237977,10.041959591,0.086192723,0.000298454,0.005787536,273.547284712,1.052717783,9.133926970,-0.103197251,0.001042427,-0.006938620
Saturn,6,2,0,2466154.500000000,115.671883789,0.000008550,8.121182442,-0.119121511,0.000001663,-0.004503812,292.778755869,0.000006255,11.035105934,0.088444572,0.000001223,0.004086233,95.851625259,-0.847168837,8.069341903,-0.097899987,0.001219947,0.001516627,276.649707971,0.688507405,11.086909372,0.111247343,-0.000811133,-0.000854053
Saturn,6,2,0,2477476.500000000,116.014042830,0.000020902,8.082328483,-0.118989192,0.000001434,-0.004919349,292.944007424,0.000015407,10.953305502,0.089098278,0.000001048,0.004080073,90.120538930,-1.093625399,8.020840885,-0.119287374,0.000553867,0.002907608,271.898597425,0.889311106,11.019475410,0.093411874,0.000061737,-0.002307884
Saturn,6,2,0,2488021.500000000,120.334437314,-0.000006843,8.666936442,-0.043819483,0.000000187,-0.015886424,289.739451866,-0.000005605,10.563608694,0.051226172,0.000000156,0.014798099,101.919459799,-0.801845641,8.388427279,-0.055355166,-0.000304101,-0.012648222,273.387375978,0.693330116,10.818208886,0.089079764,-0.001513812,0.011246066
Uranus,7,2,0,2415100.500000000,70.816944629,0.000002382,19.793942277,0.016382872,0.000001846,0.016771290,256.476289939,0.000002519,18.795419986,-0.012150995,0.000001946,-0.016791751,175.755457996,0.798203118,17.380958317,-0.041702332,-0.000099558,0.001420522,356.254239474,-0.719763645,21.249293173,0.060001656,0.000006218,-0.000814679
Uranus,7,2,0,2433282.500000000,72.412405775,-0.000001444,18.363696170,-0.048422440,0.000001775,0.008075719,255.011381414,-0.000001343,19.891582109,0.045650476,0.000001638,-0.007494256,174.395498816,0.777328314,17.988443441,-0.010826975,0.000716457,-0.016803907,348.800923928,-0.752612240,20.382741634,0.021694097,0.000611685,0.016125546
Uranus,7,2,0,2441683.500000000,72.499603406,-0.000008637,18.423279897,-0.048028333,0.000001847,0.008186546,255.123607780,-0.000008002,19.911584748,0.045631663,0.000001699,-0.007458412,175.414216370,0.776314089,18.017038705,-0.013820073,0.000728718,-0.016893727,349.812456556,-0.752443055,20.437302963,0.017720217,0.000605889,0.016380658
Uranus,7,2,0,2451545.000000000,72.628869000,0.000012398,18.414470255,-0.048513630,0.000000000,0.008470091,255.231970715,0.000011428,19.980920079,0.045145925,0.000000013,-0.007273880,173.489842532,0.780591129,18.067045824,-0.007781000,0.000701939,-0.016205884,347.956242265,-0.754248654,20.437766430,0.026683708,0.000607500,0.016088934
Uranus,7,2,0,2459000.500000000,73.965535840,0.000009758,20.290628020,0.047910163,0.000000423,0.001391766,254.418530192,0.000010996,18.005863726,-0.053596627,0.000000471,-0.001243591,169.612392326,0.770629487,18.108822594,-0.014870120,-0.000705908,0.017016956,355.531176034,-0.752919082,20.317918300,0.008015176,-0.000614750,-0.016356959
Uranus,7,2,0,2466154.500000000,72.904790836,0.000003688,18.435293913,-0.048633750,0.000000743,0.008008674,255.459800667,0.000003380,20.042307579,0.045172328,0.000000690,-0.007459280,171.839607128,0.785429116,17.959929771,-0.012261823,0.000713036,-0.016570830,346.366730067,-0.757202289,20.653122047,0.024538770,0.000594518,0.015813254
Uranus,7,2,0,2477476.500000000,73.039657267,0.000009168,18.356846461,-0.048948110,0.000000641,0.008422212,255.548226084,0.000008442,19.920556020,0.045840080,0.000000603,-0.007128303,174.261993242,0.779601909,18.000669072,0.004658854,0.000672169,-0.016297947,348.661847999,-0.755122617,20.394300138,0.036416839,0.000638148,0.016372722
Uranus,7,2,0,2488021.500000000,75.571288253,-0.000003208,18.319226614,-0.049999555,0.000000064,-0.006766642,253.285593115,-0.000002959,19.834983240,0.047032419,0.000000061,0.006065159,176.337113952,0.741314145,18.697966461,0.032897664,0.000564146,-0.014443076,351.304049459,-0.783196352,19.580278676,-0.021004093,0.000615295,0.015168693
Neptune,8,2,0,2415100.500000000,129.237427075,0.000001536,29.367522170,-0.021313643,0.000001234,0.013378478,312.161465049,0.000001469,30.530486363,0.021901761,0.000001201,-0.012956407,19.828123094,-1.617136654,30.718195719,-0.009027082,0.000748883,0.005999235,201.115193334,1.721744621,29.165510007,-0.073414827,-0.000065586,-0.006528374
Neptune,8,2,0,2433282.500000000,132.288575673,-0.000000956,29.261740898,-0.028807205,0.000001120,-0.009381463,310.332135530,-0.000000913,30.882038820,0.028070453,0.000001070,0.008939682,32.281917208,-1.784321143,29.444584139,-0.002582017,0.000930380,0.016048134,215.701975956,1.737191449,30.721084275,0.024325154,0.000921681,-0.015563258
Neptune,8,2,0,2441683.500000000,132.527162458,-0.000005467,29.409990398,-0.028927346,0.000001139,-0.009950557,310.588194861,-0.000005201,30.959951679,0.027840886,0.000001086,0.008477753,18.722642554,-1.663482208,29.837098472,0.083958622,-0.000104485,0.014928743,202.396334493,1.644211714,30.557360637,0.094810744,0.001816746,-0.015706829
Neptune,8,2,0,2451545.000000000,132.797272258,0.000007807,29.292662017,-0.028801258,0.000000024,-0.011396616,310.834901650,0.000007399,30.917763686,0.027874123,0.000000021,0.008902693,35.568435314,-1.788551615,29.335615932,0.156172617,0.000375685,0.012161535,218.903910106,1.736220000,30.899149148,0.181498454,0.001134618,-0.013756226
Neptune,8,2,0,2459000.500000000,130.325535837,0.000006417,30.843772642,0.015181890,0.000000296,0.015753351,313.725194343,0.000006682,29.617077551,-0.014351803,0.000000310,-0.015153377,18.776471653,-1.572998103,30.516054368,-0.012559946,-0.000271115,-0.013526259,195.722095950,1.638434247,29.945726495,-0.053369339,-0.001219621,0.015177692
Neptune,8,2,0,2466154.500000000,133.329663004,0.000002286,29.075318484,-0.028681843,0.000000486,-0.009638218,311.319049555,0.000002144,30.888972102,0.027827203,0.000000453,0.008916877,63.447651365,-1.679697255,28.989025731,-0.030916230,0.000567916,0.010477863,245.628628357,1.592265006,30.979278600,0.023705276,0.000545788,-0.010140584
Neptune,8,2,0,2477476.500000000,133.587186207,0.000005724,29.275077348,-0.028306331,0.000000426,-0.009799773,311.545172600,0.000005396,31.034756844,0.027457826,0.000000392,0.009635126,50.015000849,-1.782512908,29.156873511,0.005822049,0.000926680,0.013043024,232.796034674,1.706432266,31.169299906,0.049001250,0.000550248,-0.012132407
Neptune,8,2,0,2488021.500000000,134.720259607,-0.000001939,29.969576042,-0.004458468,0.000000027,-0.017167358,311.019373338,-0.000001898,30.604609368,0.006526935,0.000000015,0.016968173,94.237323211,-1.156670936,29.322080252,-0.017062828,-0.000257198,-0.011372269,271.766054402,1.101158244,31.235730014,0.032600195,-0.000570889,0.010798237
Pluto,9,2,0,2415100.500000000,107.556195607,0.000001046,40.801770202,-0.007326704,0.000000887,0.016635913,290.499110305,0.000001313,33.642068210,0.010445236,0.000001087,-0.015388616,225.700271733,15.992428223,28.681587391,-0.026003706,0.006936911,-0.011236868,43.456459574,-15.384450496,49.975265929,0.013845195,0.003521812,0.011533252
Pluto,9,2,0,2433282.500000000,109.924404247,-0.000000732,40.190795431,-0.024454999,0.000000825,-0.003139188,289.402996069,-0.000000831,34.486280027,0.028737936,0.000000960,0.002963697,226.545334962,15.315601285,30.137803250,0.020544179,0.007071466,-0.013446562,43.977149237,-15.788314359,48.653614246,-0.012069894,0.004608894,0.013716662
Pluto,9,2,0,2441683.500000000,110.274815866,-0.000004035,40.261602911,-0.023995652,0.000000824,-0.003739227,289.758620128,-0.000004672,34.582329282,0.029084009,0.000000968,0.002328149,226.636175461,15.331076226,30.176029645,0.022752697,0.006872477,-0.013631406,44.062849184,-15.799145040,48.847853448,-0.009526341,0.004814026,0.011949446
Pluto,9,2,0,2451545.000000000,110.531473825,0.000005729,39.984146405,-0.025193634,0.000000029,-0.004716252,289.997117412,0.000006621,34.570322489,0.028058401,0.000000025,0.002891106,226.610453193,15.364703779,30.206900094,0.017358004,0.007579197,-0.013724254,44.029239429,-15.835779292,48.342310996,-0.015239395,0.004208174,0.011863808
Pluto,9,2,0,2459000.500000000,109.677983246,0.000004642,42.614411901,0.017382535,0.000000230,0.010231055,291.720539304,0.000006014,32.905069107,-0.021781779,0.000000284,-0.011429846,226.111595462,15.897978120,28.887550838,-0.033582458,-0.003389844,0.006409494,47.385242832,-15.127069297,50.836619745,0.017033389,-0.002091904,-0.007067645
Pluto,9,2,0,2466154.500000000,111.152747466,0.000001629,39.878108983,-0.024025058,0.000000361,-0.005374784,290.575299940,0.000001901,34.566380079,0.029068157,0.000000409,0.003020553,226.272120471,15.482359956,30.026131511,0.015270773,0.008086738,-0.014519020,43.682316318,-15.955934805,48.676573705,-0.017331638,0.003827284,0.013148761
Pluto,9,2,0,2477476.500000000,111.578297821,0.000004120,40.503063500,-0.023971178,0.000000317,-0.003756115,290.958230195,0.000004807,34.791124175,0.028459305,0.000000356,0.003617321,228.250902221,15.255775900,30.504589549,0.021031992,0.006823069,-0.013066333,45.774029349,-15.747204499,48.796890217,-0.012944888,0.004415048,0.013453922
Pluto,9,2,0,2488021.500000000,112.921580306,-0.000001424,40.412189073,-0.012344184,0.000000007,-0.014967107,290.260494631,-0.000001704,33.975095308,0.015448185,0.000000011,0.014644227,226.118901032,15.200520911,30.323592646,0.034397920,0.000884508,-0.001841910,45.800565200,-16.020113398,48.345741003,-0.020700076,0.000731260,0.001951157
Jupiter,5,4,0,2415100.500000000,88.348758416,0.000007825,5.126148320,0.005395214,0.000006881,0.017258063,289.871999293,0.000007305,5.441053646,0.061976809,0.000006533,-0.016220116,10.435629955,-1.091753604,5.929873044,0.163359979,0.000584348,0.003156974,194.877503826,1.591602556,4.483926542,-0.214034877,0.001588422,-0.004445870
Jupiter,5,4,0,2433282.500000000,99.959035510,-0.000005094,4.190533892,-0.239010700,0.000007713,0.000015515,279.965642510,-0.000003502,6.189979702,0.161939878,0.000005234,-0.000016325,2.326208323,-1.295220646,4.982716451,0.027911915,0.004507096,0.017307351,203.767415685,1.269202461,5.606682322,0.043426046,0.003846721,-0.016975325
Jupiter,5,4,0,2451545.000000000,100.519498157,0.000053209,4.186292426,-0.239412754,-0.000000066,-0.000040363,280.463381420,0.000035963,6.197675873,0.161772896,-0.000000030,0.000028682,4.162804968,-1.297298448,4.959301353,0.021172796,0.004551300,0.017399675,205.568780236,1.259173279,5.632675342,0.046017608,0.003777731,-0.016891264
Jupiter,5,4,0,2466154.500000000,101.041038426,0.000017404,4.189800763,-0.238961435,0.000003119,-0.000256555,280.751315320,0.000011735,6.195377233,0.161790332,0.000002116,0.000182424,4.014539186,-1.296372928,4.963830220,0.022256918,0.004540379,0.017376298,205.415779757,1.257717903,5.628264854,0.047321199,0.003769588,-0.016856983
Saturn,6,4,0,2415100.500000000,106.774896612,0.000598680,8.725154609,-0.032887950,0.000001717,0.016493620,297.874537038,0.000500097,10.442703477,0.044454039,0.000003116,-0.015236979,85.746693001,-0.880651232,9.051479960,0.007388462,0.001656304,0.017196929,277.673982571,0.877856316,10.137846670,0.012726509,0.001504720,-0.017100832
Saturn,6,4,0,2433282.500000000,114.827241899,0.000554550,8.096545641,-0.119612220,0.000003718,-0.004469618,292.031178825,0.000408953,10.978857178,0.089342180,0.000002393,0.003642678,90.887016417,-1.015869116,8.046005189,-0.123184473,0.000344240,0.002776998,272.578905237,0.826754306,11.033471893,0.089946773,0.000179763,-0.002262182
Saturn,6,4,0,2451545.000000000,115.195539153,-0.001430387,8.107505035,-0.119540233,-0.000000135,-0.004486989,292.502266386,-0.001058119,10.960396288,0.089362458,0.000000854,0.003687457,91.579559855,-1.003501400,8.061089405,-0.121111631,0.000405990,0.002661738,273.300663405,0.814305777,11.010758650,0.091781237,0.000099891,-0.002142795
Saturn,6,4,0,2466154.500000000,115.742274162,0.001312911,8.098423541,-0.119123290,0.000002963,-0.004696743,292.764727194,0.000969061,10.972008221,0.089085637,0.000001294,0.003797699,91.640053472,-1.020525608,8.040769534,-0.124645136,0.000273352,0.002589221,273.155794223,0.832268124,11.032874190,0.088978684,0.000208120,-0.002147677
Uranus,7,4,0,2415100.500000000,70.779564265,0.000266412,19.601167266,0.016480857,0.000001046,0.016313076,256.461154716,0.000277797,18.794716322,-0.012147332,0.000001567,-0.016786036,170.159363876,0.809783302,17.327049588,-0.055972249,-0.000134866,0.002911547,351.170667192,-0.730373611,21.108387313,0.046548933,-0.000087978,-0.002598960
Uranus,7,4,0,2433282.500000000,72.444754905,0.000244365,18.370691744,-0.048344843,0.000001416,0.008084393,255.033440620,0.000224583,19.986278954,0.045520387,0.000001485,-0.007369704,171.539736868,0.784246379,17.965877989,-0.017498995,0.000725878,-0.016596819,346.040818274,-0.755354216,20.512013905,0.019930708,0.000590241,0.015994396
Uranus,7,4,0,2451545.000000000,72.622298974,-0.000629645,18.419408217,-0.048165957,0.000000593,0.008128323,255.263648533,-0.000581868,19.929988964,0.045567127,0.000000078,-0.007402144,174.769118722,0.776901458,18.024542111,-0.015024512,0.000726984,-0.016851431,349.209206759,-0.752953834,20.440532199,0.017537403,0.000601219,0.016318199
Uranus,7,4,0,2466154.500000000,72.863061692,0.000577996,18.393868498,-0.048380062,0.000000733,0.008001077,255.388316400,0.000532645,19.957699213,0.045648317,0.000001106,-0.007298818,173.433887603,0.781346213,17.987024745,-0.015817993,0.000728476,-0.016748098,347.894012609,-0.754643026,20.488474768,0.018588591,0.000597111,0.016193627
Neptune,8,4,0,2415100.500000000,129.214105655,0.000177367,29.433144331,-0.021300754,0.000000753,0.013322201,312.099962297,0.000169506,30.792323608,0.021654328,0.000000879,-0.012750871,47.194409193,-1.723377703,30.494147303,0.022597351,0.000721178,0.012694618,230.016069156,1.801219830,29.735579309,-0.020587186,0.000800598,-0.013250806
Neptune,8,4,0,2433282.500000000,132.243449733,0.000153497,29.235404629,-0.028902024,0.000001015,-0.009354882,310.283125632,0.000144853,30.982055585,0.027961900,0.000000878,0.008848131,47.714604101,-1.794276653,29.266005247,-0.021789346,0.000845347,0.013824312,230.614296992,1.721507802,30.965439420,0.020380419,0.000741569,-0.013262064
Neptune,8,4,0,2451545.000000000,132.772032528,-0.000395995,29.284388796,-0.028824808,0.000000088,-0.009399603,310.837736695,-0.000374969,30.929697163,0.027923624,0.000000314,0.008902438,35.792166252,-1.791506434,29.420151428,-0.014814450,0.000961829,0.015773805,219.128690586,1.738775594,30.815399382,0.015597965,0.000863812,-0.015305770
Neptune,8,4,0,2466154.500000000,133.255955456,0.000363037,29.277129971,-0.028554213,0.000000752,-0.009585210,311.243800094,0.000343505,30.944380395,0.027736886,0.000000495,0.009070071,41.898136438,-1.797914262,29.279162999,-0.017260592,0.000912142,0.014826275,224.997915163,1.734573249,30.961142260,0.019349043,0.000801516,-0.014304519
Pluto,9,4,0,2415100.500000000,107.641855484,0.000127697,40.869706178,-0.007405520,0.000000548,0.016413589,290.546988463,0.000153240,34.057293084,0.010348105,0.000000801,-0.016126776,224.932746461,16.056463985,29.017949747,-0.024971489,0.006683244,-0.011755173,42.726560371,-15.448420362,50.025755778,0.015003784,0.003593226,0.011360108
Pluto,9,4,0,2433282.500000000,109.874600461,0.000111601,40.201705891,-0.024481886,0.000000720,-0.003045580,289.352518860,0.000129271,34.712079875,0.028543767,0.000000812,0.002883379,225.646861354,15.399685940,30.229575376,0.020163549,0.007144868,-0.013687096,43.055002138,-15.864130386,48.881446534,-0.011624350,0.004687125,0.014075514
Pluto,9,4,0,2451545.000000000,110.533005654,-0.000287675,40.312390686,-0.024416920,0.000000146,-0.003133880,290.024024738,-0.000334799,34.639567745,0.028547654,0.000000218,0.002975633,226.775288322,15.339636063,30.204012651,0.020548458,0.007049442,-0.013552174,44.202060607,-15.804443295,48.960237662,-0.011842281,0.004622366,0.013937670
Pluto,9,4,0,2466154.500000000,111.112668796,0.000263530,40.326516763,-0.024301378,0.000000489,-0.003383471,290.523253330,0.000306926,34.629071118,0.028503282,0.000000508,0.003200007,227.466173169,15.304727350,30.260791745,0.020933377,0.006936255,-0.013382280,44.954157925,-15.786778980,48.843552344,-0.012173886,0.004567562,0.013766266
Mars,4,2,1,2415100.500000000,29.755224910,0.000022446,2.266342081,0.378888737,0.000016111,0.008641339,268.817088817,0.000044460,1.149361530,-0.021884471,0.000032594,-0.017155238,345.401751425,-1.063808077,2.315724697,0.414189161,-0.001965880,-0.004326866,10.647257116,0.671522926,0.753985548,1.299006682,-0.002064259,0.003003934
Mars,4,2,1,2433282.500000000,7.337624981,-0.000021184,1.143126250,0.041555674,0.000028338,0.017468280,248.512781987,-0.000010589,2.301186632,0.371155705,0.000013886,-0.009142540,312.606827184,-1.167697406,2.104069736,0.401600907,0.005237577,0.009411061,264.149144437,0.592101409,0.853460004,1.129242732,0.003356675,-0.004788259
Mars,4,2,1,2451545.000000000,7.676911826,0.000199427,1.141719408,0.041999328,-0.000003677,0.017477204,248.882744922,0.000098883,2.302703047,0.371068107,0.000000105,-0.009111260,313.313452918,-1.167166055,2.098725280,0.402677822,0.005291998,0.009484951,264.445240770,0.589142908,0.856174942,1.123062052,0.003378005,-0.004804573
Neptune,8,2,1,2415100.500000000,129.237427075,0.000001536,29.367522170,-0.021313643,0.000001234,0.013378478,312.161465049,0.000001469,30.530486363,0.021901761,0.000001201,-0.012956407,19.828123094,-1.617136654,30.718195719,-0.009027082,0.000748883,0.005999235,351.979108206,0.776280599,0.698888186,1.412852282,0.003048703,-0.002613356
Neptune,8,2,1,2433282.500000000,132.288575673,-0.000000956,29.261740898,-0.028807205,0.000001120,-0.009381463,310.332135530,-0.000000913,30.882038820,0.028070453,0.000001070,0.008939682,32.281917208,-1.784321143,29.444584139,-0.002582017,0.000930380,0.016048134,259.703874945,0.669051190,1.255378879,0.752335810,0.003210667,-0.006042983
Neptune,8,2,1,2451545.000000000,132.797272258,0.000007807,29.292662017,-0.028801258,0.000000024,-0.011396616,310.834901650,0.000007399,30.917763686,0.027874123,0.000000021,0.008902693,35.568435314,-1.788551615,29.335615932,0.156172617,0.000375685,0.012161535,255.349939150,0.836175939,1.422051901,0.699765166,0.003892964,-0.006121477
