# Source: Swiss Ephemeris 2.10.03 (libswisseph-sys 0.1.2), swe_calc, iflag=1588 (SEFLG_MOSEPH|SEFLG_J2000|SEFLG_TRUEPOS|SEFLG_NOABERR|SEFLG_NOGDEFL).
# Fictitious (hypothetical) bodies, SE numbers 40..=58 (SE_FICT_OFFSET_1 + 1..=19). Elements read from the committed data/seorbel.txt (SE's built-in fallback only covers 40-54; 55-58 require this file). Geocentric J2000-ecliptic lon/lat (degrees) and distance (AU), GEOMETRIC (no light-time, no aberration, no gravitational deflection) — matches FictitiousBackend::position's geocentric-J2000 boundary. Times are TT (Terrestrial Time) Julian days, evenly sampled per body across the 1900-2100 CE window (JD 2415020.5..=2488069.5).
label,se_body,jd_tt,lon_deg,lat_deg,dist_au
Cupido,40,2415020.500000000,106.678027162,-0.451128076,40.200094565
Cupido,40,2417539.431034483,117.037799286,-0.278956438,40.597523333
Cupido,40,2420058.362068966,126.654288473,-0.101665763,41.375067226
Cupido,40,2422577.293103448,135.418403246,0.071989691,42.028785480
Cupido,40,2425096.224137931,143.737656000,0.241330597,42.164448412
Cupido,40,2427615.155172414,152.231428675,0.408786063,41.705212428
Cupido,40,2430134.086206897,161.427696302,0.573435356,40.912666081
Cupido,40,2432653.017241379,171.485210205,0.726352404,40.255691556
Cupido,40,2435171.948275862,182.018167728,0.852635164,40.147042093
Cupido,40,2437690.879310345,192.279937697,0.942086752,40.653824283
Cupido,40,2440209.810344827,201.717159421,0.997809615,41.424574713
Cupido,40,2442728.741379310,210.362672142,1.031241050,41.939922038
Cupido,40,2445247.672413793,218.737561105,1.050788804,41.864677806
Cupido,40,2447766.603448276,227.497714487,1.055715064,41.236053173
Cupido,40,2450285.534482758,237.086051192,1.036242418,40.421677395
Cupido,40,2452804.465517242,247.471204704,0.979601465,39.907512590
Cupido,40,2455323.396551724,258.103990524,0.880594340,40.006350173
Cupido,40,2457842.327586207,268.254369013,0.747898401,40.645856745
Cupido,40,2460361.258620690,277.528989277,0.597376903,41.406085496
Cupido,40,2462880.189655173,286.110071579,0.440022243,41.794194360
Cupido,40,2465399.120689655,294.594941578,0.277659054,41.557822140
Cupido,40,2467918.051724138,303.639513522,0.106928765,40.841253349
Cupido,40,2470436.982758621,313.576250869,-0.072994480,40.099490702
Cupido,40,2472955.913793103,324.167382374,-0.254752589,39.810522511
Cupido,40,2475474.844827586,334.723813171,-0.425225965,40.160670326
Cupido,40,2477993.775862069,344.593315573,-0.575145592,40.928942527
Cupido,40,2480512.706896552,353.591821409,-0.704803149,41.647334927
Cupido,40,2483031.637931034,2.051158781,-0.820174094,41.890745173
Cupido,40,2485550.568965517,10.598302841,-0.925410167,41.517872478
Cupido,40,2488069.500000000,19.829753476,-1.016411334,40.767425572
Hades,41,2415020.500000000,337.766168761,0.069272939,51.097710684
Hades,41,2417539.431034483,344.507757231,-0.055247857,50.360075904
Hades,41,2420058.362068966,351.895527173,-0.182141313,49.737891915
Hades,41,2422577.293103448,359.652616371,-0.306542510,49.599026792
Hades,41,2425096.224137931,7.275009333,-0.422422201,50.020809291
Hades,41,2427615.155172414,14.360691150,-0.527057953,50.760629249
Hades,41,2430134.086206897,20.829526392,-0.622265432,51.414698144
Hades,41,2432653.017241379,26.922886842,-0.712158248,51.636406389
Hades,41,2435171.948275862,33.066867981,-0.799566242,51.305730423
Hades,41,2437690.879310345,39.679726887,-0.882918917,50.602321882
Hades,41,2440209.810344827,46.944801981,-0.954988542,49.934868937
Hades,41,2442728.741379310,54.652178743,-1.005967675,49.710586189
Hades,41,2445247.672413793,62.299161498,-1.030750812,50.068242996
Hades,41,2447766.603448276,69.436696651,-1.032930577,50.793849144
Hades,41,2450285.534482758,75.944348071,-1.021230542,51.479592052
Hades,41,2452804.465517242,82.039913634,-1.003092411,51.764308977
Hades,41,2455323.396551724,88.129623504,-0.981098698,51.504321543
Hades,41,2457842.327586207,94.626788096,-0.952308124,50.836494640
Hades,41,2460361.258620690,101.757942747,-0.909598060,50.129146323
Hades,41,2462880.189655173,109.393300656,-0.845956293,49.801284462
Hades,41,2465399.120689655,117.067132550,-0.760274579,50.059821872
Hades,41,2467918.051724138,124.282956551,-0.659062483,50.748499536
Hades,41,2470436.982758621,130.852682489,-0.551055717,51.459571619
Hades,41,2472955.913793103,136.963696821,-0.441377916,51.799710204
Hades,41,2475474.844827586,143.019294501,-0.330305572,51.594847389
Hades,41,2477993.775862069,149.437261666,-0.215361230,50.954814444
Hades,41,2480512.706896552,156.467087521,-0.094485870,50.218613925
Hades,41,2483031.637931034,164.039452240,0.031236286,49.796723735
Hades,41,2485550.568965517,171.746611516,0.156870045,49.941674066
Hades,41,2488069.500000000,179.075325680,0.276831649,50.569537416
Zeus,42,2415020.500000000,105.668346906,0.012233759,58.302270902
Zeus,42,2417539.431034483,111.752473364,0.011689428,58.628360501
Zeus,42,2420058.362068966,117.433371405,0.011057391,59.317805707
Zeus,42,2422577.293103448,122.598307507,0.010359581,59.989539904
Zeus,42,2425096.224137931,127.410444499,0.009626054,60.297066092
Zeus,42,2427615.155172414,132.187642227,0.008820975,60.093085431
Zeus,42,2430134.086206897,137.256472311,0.007936366,59.479839419
Zeus,42,2432653.017241379,142.815990224,0.006933606,58.763595213
Zeus,42,2435171.948275862,148.824611293,0.005808853,58.322121263
Zeus,42,2437690.879310345,154.978762387,0.004602365,58.406049234
Zeus,42,2440209.810344827,160.872032074,0.003361520,58.973375387
Zeus,42,2442728.741379310,166.256477067,0.002150516,59.702736645
Zeus,42,2445247.672413793,171.182434388,0.000945748,60.194219501
Zeus,42,2447766.603448276,175.931753329,-0.000254311,60.196052199
Zeus,42,2450285.534482758,180.854046403,-0.001486286,59.714666223
Zeus,42,2452804.465517242,186.212322571,-0.002748137,58.993123432
Zeus,42,2455323.396551724,192.064301559,-0.004000964,58.397251396
Zeus,42,2457842.327586207,198.208986472,-0.005192001,58.243340783
Zeus,42,2460361.258620690,204.265945406,-0.006251132,58.622593029
Zeus,42,2462880.189655173,209.894048632,-0.007203923,59.328663635
Zeus,42,2465399.120689655,215.002327385,-0.008086665,59.968601948
Zeus,42,2467918.051724138,219.787367051,-0.008981787,60.193836833
Zeus,42,2470436.982758621,224.602147257,-0.009910661,59.890430114
Zeus,42,2472955.913793103,229.772497318,-0.010846599,59.221116562
Zeus,42,2475474.844827586,235.447542055,-0.011705441,58.530149185
Zeus,42,2477993.775862069,241.521381640,-0.012348266,58.173771131
Zeus,42,2480512.706896552,247.668886022,-0.012713585,58.341137380
Zeus,42,2483031.637931034,253.514721461,-0.012801612,58.947042188
Zeus,42,2485550.568965517,258.848856815,-0.012736203,59.665422633
Zeus,42,2488069.500000000,263.743789024,-0.012645506,60.104705739
Kronos,43,2415020.500000000,18.503006199,0.005186812,64.884652959
Kronos,43,2417539.431034483,23.538772778,0.006229112,64.249016169
Kronos,43,2420058.362068966,28.879200327,0.007276391,64.020579279
Kronos,43,2422577.293103448,34.191377237,0.008228246,64.314812448
Kronos,43,2425096.224137931,39.172142983,0.009049820,64.965561423
Kronos,43,2427615.155172414,43.709255425,0.009728512,65.637156455
Kronos,43,2430134.086206897,47.909127459,0.010331924,65.998162428
Kronos,43,2432653.017241379,52.028978743,0.010903870,65.868120555
Kronos,43,2435171.948275862,56.369180194,0.011474278,65.298481062
Kronos,43,2437690.879310345,61.142628393,0.012032313,64.567926609
Kronos,43,2440209.810344827,66.346320026,0.012505183,64.059843391
Kronos,43,2442728.741379310,71.729727002,0.012838707,64.047843826
Kronos,43,2445247.672413793,76.936978115,0.012977910,64.526780977
Kronos,43,2447766.603448276,81.728422382,0.012978699,65.226930250
Kronos,43,2450285.534482758,86.097295440,0.012899149,65.783570481
Kronos,43,2452804.465517242,90.236732838,0.012803182,65.921217888
Kronos,43,2455323.396551724,94.436478864,0.012720515,65.566783602
Kronos,43,2457842.327586207,98.966494420,0.012623741,64.879572386
Kronos,43,2460361.258620690,103.955136191,0.012467327,64.195315083
Kronos,43,2462880.189655173,109.294107739,0.012148749,63.872155564
Kronos,43,2465399.120689655,114.665312845,0.011637561,64.083647339
Kronos,43,2467918.051724138,119.729568779,0.010940877,64.702738735
Kronos,43,2470436.982758621,124.336753733,0.010140892,65.384323022
Kronos,43,2472955.913793103,128.584331960,0.009310438,65.773102247
Kronos,43,2475474.844827586,132.732086836,0.008491336,65.677468734
Kronos,43,2477993.775862069,137.075975012,0.007714504,65.139413878
Kronos,43,2480512.706896552,141.828923093,0.006943423,64.411317725
Kronos,43,2483031.637931034,147.017561103,0.006149232,63.852495415
Kronos,43,2485550.568965517,152.435070870,0.005271514,63.757539560
Kronos,43,2488069.500000000,157.730228201,0.004292291,64.179380516
Apollon,44,2415020.500000000,139.948476361,0.007525337,69.526232035
Apollon,44,2417539.431034483,144.458152102,0.006671249,70.145154222
Apollon,44,2420058.362068966,148.552008730,0.005856239,70.843969981
Apollon,44,2422577.293103448,152.307057284,0.005058103,71.268830702
Apollon,44,2425096.224137931,155.955012051,0.004256116,71.221003303
Apollon,44,2427615.155172414,159.762958190,0.003393553,70.730842625
Apollon,44,2430134.086206897,163.925940764,0.002465958,70.032175093
Apollon,44,2432653.017241379,168.480756370,0.001469431,69.463925591
Apollon,44,2435171.948275862,173.267170021,0.000440090,69.318477572
Apollon,44,2437690.879310345,177.987190185,-0.000566697,69.682483584
Apollon,44,2440209.810344827,182.370539171,-0.001526569,70.369138785
Apollon,44,2442728.741379310,186.335598161,-0.002425582,71.017523071
Apollon,44,2445247.672413793,190.021083164,-0.003318606,71.298965494
Apollon,44,2447766.603448276,193.691624647,-0.004219607,71.084185733
Apollon,44,2450285.534482758,197.606245861,-0.005150064,70.486193119
Apollon,44,2452804.465517242,201.910293964,-0.006086887,69.794952920
Apollon,44,2455323.396551724,206.568402418,-0.006979047,69.347807623
Apollon,44,2457842.327586207,211.364033854,-0.007781688,69.374457221
Apollon,44,2460361.258620690,215.996105455,-0.008455982,69.871761741
Apollon,44,2462880.189655173,220.244358650,-0.009050157,70.587217627
Apollon,44,2465399.120689655,224.095477901,-0.009611403,71.149310291
Apollon,44,2467918.051724138,227.740732412,-0.010210526,71.272144799
Apollon,44,2470436.982758621,231.464243574,-0.010856889,70.902589274
Apollon,44,2472955.913793103,235.503489150,-0.011518221,70.231103384
Apollon,44,2475474.844827586,239.944506794,-0.012121307,69.588204602
Apollon,44,2477993.775862069,244.679572930,-0.012557848,69.289509769
Apollon,44,2480512.706896552,249.449295633,-0.012789131,69.487109546
Apollon,44,2483031.637931034,253.969269651,-0.012821402,70.088847566
Apollon,44,2485550.568965517,258.081355125,-0.012755252,70.792574400
Apollon,44,2488069.500000000,261.839060833,-0.012692773,71.237380033
Admetos,45,2415020.500000000,352.011246348,-0.000706642,73.950680983
Admetos,45,2417539.431034483,355.954509305,0.000200710,73.238010553
Admetos,45,2420058.362068966,0.266453664,0.001186683,72.722316216
Admetos,45,2422577.293103448,4.748857980,0.002180165,72.663615275
Admetos,45,2425096.224137931,9.118807208,0.003130425,73.080969782
Admetos,45,2427615.155172414,13.164381857,0.003985197,73.760832642
Admetos,45,2430134.086206897,16.839194436,0.004770454,74.374546307
Admetos,45,2432653.017241379,20.267262197,0.005515474,74.629566253
Admetos,45,2435171.948275862,23.684532819,0.006265183,74.396214656
Admetos,45,2437690.879310345,27.343100492,0.007050105,73.777506644
Admetos,45,2440209.810344827,31.390716860,0.007848573,73.080349714
Admetos,45,2442728.741379310,35.775515138,0.008626301,72.665934367
Admetos,45,2445247.672413793,40.259005546,0.009302218,72.746594068
Admetos,45,2447766.603448276,44.555361364,0.009869405,73.270045936
Admetos,45,2450285.534482758,48.491663607,0.010339871,73.967165155
Admetos,45,2452804.465517242,52.077799748,0.010767103,74.501769114
Admetos,45,2455323.396551724,55.479516780,0.011204832,74.622891635
Admetos,45,2457842.327586207,58.943023744,0.011671873,74.267354418
Admetos,45,2460361.258620690,62.697706713,0.012166841,73.596288809
Admetos,45,2462880.189655173,66.845976409,0.012607697,72.941115355
Admetos,45,2465399.120689655,71.285946777,0.012926099,72.643642557
Admetos,45,2467918.051724138,75.748709436,0.013058020,72.859705224
Admetos,45,2470436.982758621,79.957769543,0.013029141,73.468126683
Admetos,45,2472955.913793103,83.785706592,0.012909222,74.155481496
Admetos,45,2475474.844827586,87.296749076,0.012777415,74.590795887
Admetos,45,2477993.775862069,90.691908382,0.012709251,74.573140345
Admetos,45,2480512.706896552,94.219370294,0.012702850,74.108083811
Admetos,45,2483031.637931034,98.077725067,0.012728186,73.409643938
Admetos,45,2485550.568965517,102.319131363,0.012684797,72.821747893
Admetos,45,2488069.500000000,106.794530653,0.012483725,72.652778994
Vulkanus,46,2415020.500000000,56.782041467,0.011500046,76.554503049
Vulkanus,46,2417539.431034483,60.924530351,0.011926128,76.269372649
Vulkanus,46,2420058.362068966,65.082816840,0.012286996,76.490004917
Vulkanus,46,2422577.293103448,69.001838333,0.012545361,77.093970719
Vulkanus,46,2425096.224137931,72.564053176,0.012723109,77.776092084
Vulkanus,46,2427615.155172414,75.827025975,0.012834075,78.213671373
Vulkanus,46,2430134.086206897,78.976244537,0.012927513,78.206023205
Vulkanus,46,2432653.017241379,82.244836856,0.013012306,77.752186643
Vulkanus,46,2435171.948275862,85.822993539,0.013080288,77.058520323
Vulkanus,46,2437690.879310345,89.764490321,0.013101497,76.464107876
Vulkanus,46,2440209.810344827,93.933719913,0.013023751,76.277189932
Vulkanus,46,2442728.741379310,98.063189426,0.012840258,76.596312188
Vulkanus,46,2445247.672413793,101.911129908,0.012545802,77.250371188
Vulkanus,46,2447766.603448276,105.395508655,0.012201861,77.907559637
Vulkanus,46,2450285.534482758,108.612492997,0.011843783,78.256182507
Vulkanus,46,2452804.465517242,111.769501796,0.011499668,78.139875655
Vulkanus,46,2455323.396551724,115.095544749,0.011171559,77.611547091
Vulkanus,46,2457842.327586207,118.752873673,0.010825613,76.913682590
Vulkanus,46,2460361.258620690,122.756437446,0.010431492,76.385411208
Vulkanus,46,2462880.189655173,126.940127070,0.009928338,76.301383997
Vulkanus,46,2465399.120689655,131.029728532,0.009316962,76.710718999
Vulkanus,46,2467918.051724138,134.803113329,0.008609981,77.398994160
Vulkanus,46,2470436.982758621,138.214564478,0.007860851,78.016259528
Vulkanus,46,2472955.913793103,141.395699557,0.007108719,78.268509686
Vulkanus,46,2475474.844827586,144.571650353,0.006374011,78.046222613
Vulkanus,46,2477993.775862069,147.963296276,0.005679556,77.455208202
Vulkanus,46,2480512.706896552,151.700934822,0.005001348,76.769411423
Vulkanus,46,2483031.637931034,155.759029328,0.004326895,76.320371157
Vulkanus,46,2485550.568965517,159.944434537,0.003614391,76.341799219
Vulkanus,46,2488069.500000000,163.983885811,0.002846942,76.831443603
Poseidon,47,2415020.500000000,167.528548723,0.001725501,83.263969038
Poseidon,47,2417539.431034483,170.801199946,0.000990872,83.964596523
Poseidon,47,2420058.362068966,173.756021954,0.000321659,84.518386969
Poseidon,47,2422577.293103448,176.541466015,-0.000330451,84.664237282
Poseidon,47,2425096.224137931,179.373030279,-0.000996774,84.344770020
Poseidon,47,2427615.155172414,182.437922729,-0.001720313,83.712685551
Poseidon,47,2430134.086206897,185.822378688,-0.002485570,83.058759450
Poseidon,47,2432653.017241379,189.469204350,-0.003272384,82.691099608
Poseidon,47,2435171.948275862,193.188840253,-0.004037360,82.795807936
Poseidon,47,2437690.879310345,196.743672646,-0.004741863,83.331512061
Poseidon,47,2440209.810344827,199.977328383,-0.005389448,84.033707715
Poseidon,47,2442728.741379310,202.900977230,-0.005992308,84.552520438
Poseidon,47,2445247.672413793,205.677092965,-0.006607476,84.639716089
Poseidon,47,2447766.603448276,208.527922799,-0.007242785,84.264431727
Poseidon,47,2450285.534482758,211.633837377,-0.007902912,83.609146091
Poseidon,47,2452804.465517242,215.060507314,-0.008554145,82.978596761
Poseidon,47,2455323.396551724,218.727949328,-0.009147478,82.668386796
Poseidon,47,2457842.327586207,222.436590004,-0.009652090,82.833198323
Poseidon,47,2460361.258620690,225.957515217,-0.010051090,83.402622543
Poseidon,47,2462880.189655173,229.152190599,-0.010399216,84.100199925
Poseidon,47,2465399.120689655,232.047874822,-0.010741862,84.580201861
Poseidon,47,2467918.051724138,234.818493483,-0.011135605,84.609386344
Poseidon,47,2470436.982758621,237.691120207,-0.011580837,84.182032516
Poseidon,47,2472955.913793103,240.838682976,-0.012043792,83.508221424
Poseidon,47,2475474.844827586,244.306418039,-0.012461886,82.905378818
Poseidon,47,2477993.775862069,247.991569334,-0.012749885,82.655719770
Poseidon,47,2480512.706896552,251.685353573,-0.012883249,82.880730272
Poseidon,47,2483031.637931034,255.169472565,-0.012870937,83.479896645
Poseidon,47,2485550.568965517,258.325200174,-0.012795441,84.166616581
Poseidon,47,2488069.500000000,261.196069655,-0.012738911,84.603666498
Transpluto,48,2415020.500000000,103.001239844,0.006757751,74.300476655
Transpluto,48,2417539.431034483,107.107243649,0.006593610,76.074279723
Transpluto,48,2420058.362068966,110.797601769,0.006442988,78.184451782
Transpluto,48,2422577.293103448,114.002466870,0.006286601,80.303689987
Transpluto,48,2425096.224137931,116.827389387,0.006126276,82.111959287
Transpluto,48,2427615.155172414,119.477417587,0.005937054,83.435879521
Transpluto,48,2430134.086206897,122.168812284,0.005730232,84.302454652
Transpluto,48,2432653.017241379,125.053060070,0.005497646,84.921572349
Transpluto,48,2435171.948275862,128.157712083,0.005243179,85.605752607
Transpluto,48,2437690.879310345,131.363117744,0.004977950,86.633095251
Transpluto,48,2440209.810344827,134.454198080,0.004702941,88.097307806
Transpluto,48,2442728.741379310,137.240686088,0.004438663,89.845853903
Transpluto,48,2445247.672413793,139.662190552,0.004169671,91.566043942
Transpluto,48,2447766.603448276,141.803899089,0.003911552,92.954500773
Transpluto,48,2450285.534482758,143.837395483,0.003656434,93.852651447
Transpluto,48,2452804.465517242,145.944331583,0.003406375,94.295633261
Transpluto,48,2455323.396551724,148.252126142,0.003163378,94.488005749
Transpluto,48,2457842.327586207,150.786455467,0.002920029,94.726142171
Transpluto,48,2460361.258620690,153.451502860,0.002683538,95.277094763
Transpluto,48,2462880.189655173,156.064345880,0.002431438,96.245432072
Transpluto,48,2465399.120689655,158.448352658,0.002167870,97.504709505
Transpluto,48,2467918.051724138,160.529950201,0.001880749,98.759007082
Transpluto,48,2470436.982758621,162.369516893,0.001580901,99.701349416
Transpluto,48,2472955.913793103,164.117502743,0.001277244,100.158854581
Transpluto,48,2475474.844827586,165.942812894,0.000980793,100.151667057
Transpluto,48,2477993.775862069,167.970228413,0.000718433,99.870537251
Transpluto,48,2480512.706896552,170.235213347,0.000487389,99.600619228
Transpluto,48,2483031.637931034,172.663736715,0.000291794,99.609705466
Transpluto,48,2485550.568965517,175.094026079,0.000102941,100.025573030
Transpluto,48,2488069.500000000,177.351904731,-0.000101997,100.757642031
Nibiru,49,2415020.500000000,54.559098025,-20.604804335,458.172986399
Nibiru,49,2417539.431034483,54.598444970,-20.615303521,458.219085264
Nibiru,49,2420058.362068966,54.646103906,-20.607539920,458.644460770
Nibiru,49,2422577.293103448,54.666692824,-20.584014121,459.397475636
Nibiru,49,2425096.224137931,54.637841428,-20.553551513,460.291958063
Nibiru,49,2427615.155172414,54.557561633,-20.527143501,461.093265908
Nibiru,49,2430134.086206897,54.443213592,-20.513884718,461.604593912
Nibiru,49,2432653.017241379,54.324937572,-20.517945565,461.734550143
Nibiru,49,2435171.948275862,54.235466770,-20.536948176,461.534103291
Nibiru,49,2437690.879310345,54.197561861,-20.562225761,461.190461258
Nibiru,49,2440209.810344827,54.212806793,-20.581905521,460.958720261
Nibiru,49,2442728.741379310,54.259154807,-20.586266399,461.046483952
Nibiru,49,2445247.672413793,54.301069759,-20.572463551,461.514920850
Nibiru,49,2447766.603448276,54.306416748,-20.545496936,462.258402199
Nibiru,49,2450285.534482758,54.259554562,-20.515355390,463.063698373
Nibiru,49,2452804.465517242,54.165525813,-20.492724802,463.699928876
Nibiru,49,2455323.396551724,54.046859421,-20.485233230,464.000352758
Nibiru,49,2457842.327586207,53.935743864,-20.494909300,463.919978313
Nibiru,49,2460361.258620690,53.862853069,-20.517092561,463.560262493
Nibiru,49,2462880.189655173,53.844573798,-20.541582717,463.142864252
Nibiru,49,2465399.120689655,53.874032074,-20.556665047,462.920402780
Nibiru,49,2467918.051724138,53.922983182,-20.554634191,463.058238970
Nibiru,49,2470436.982758621,53.955321990,-20.535457023,463.557519401
Nibiru,49,2472955.913793103,53.943656336,-20.506249266,464.266298432
Nibiru,49,2475474.844827586,53.879417047,-20.477650108,464.955170827
Nibiru,49,2477993.775862069,53.774213204,-20.459616584,465.406941492
Nibiru,49,2480512.706896552,53.654866771,-20.458057422,465.491545760
Nibiru,49,2483031.637931034,53.554316472,-20.472747281,465.213582900
Nibiru,49,2485550.568965517,53.499695180,-20.496881121,464.722291317
Nibiru,49,2488069.500000000,53.499962609,-20.519201755,464.262851367
Harrington,50,2415020.500000000,210.890450289,-29.847523872,80.231708881
Harrington,50,2417539.431034483,214.382643758,-28.833570092,82.643624556
Harrington,50,2420058.362068966,217.476382382,-27.914021246,84.685918644
Harrington,50,2422577.293103448,220.455824648,-27.092704349,86.309436374
Harrington,50,2425096.224137931,223.525289302,-26.308490517,87.665491352
Harrington,50,2427615.155172414,226.742731956,-25.476592061,89.019964363
Harrington,50,2430134.086206897,230.014886081,-24.530501186,90.633437683
Harrington,50,2432653.017241379,233.150110440,-23.454072573,92.646518786
Harrington,50,2435171.948275862,235.953987616,-22.288966003,95.010303227
Harrington,50,2437690.879310345,238.327040230,-21.112340872,97.495942903
Harrington,50,2440209.810344827,240.313968269,-19.997251821,99.797804216
Harrington,50,2442728.741379310,242.077207855,-18.980403310,101.685717124
Harrington,50,2445247.672413793,243.815791561,-18.053413445,103.117352450
Harrington,50,2447766.603448276,245.678655157,-17.175648931,104.247243500
Harrington,50,2450285.534482758,247.712011330,-16.297201596,105.343309280
Harrington,50,2452804.465517242,249.852659940,-15.380763265,106.667793943
Harrington,50,2455323.396551724,251.961970319,-14.415750053,108.370295944
Harrington,50,2457842.327586207,253.887645945,-13.420102170,110.424202529
Harrington,50,2460361.258620690,255.531912119,-12.429313845,112.628937272
Harrington,50,2462880.189655173,256.897509196,-11.478341933,114.690089864
Harrington,50,2465399.120689655,258.087133629,-10.585724621,116.356269010
Harrington,50,2467918.051724138,259.254686499,-9.747943165,117.542818450
Harrington,50,2470436.982758621,260.534713060,-8.944884674,118.368953510
Harrington,50,2472955.913793103,261.987569308,-8.151686358,119.091325994
Harrington,50,2475474.844827586,263.581929744,-7.350066062,119.985277621
Harrington,50,2477993.775862069,265.213929167,-6.534680766,121.233282562
Harrington,50,2480512.706896552,266.752234688,-5.713045569,122.854113588
Harrington,50,2483031.637931034,268.092986552,-4.899700866,124.692040397
Harrington,50,2485550.568965517,269.205049207,-4.108098825,126.472690446
Harrington,50,2488069.500000000,270.146354605,-3.344104444,127.920671812
NeptuneLeverrier,51,2415020.500000000,57.432932867,0.017861047,37.766660216
NeptuneLeverrier,51,2417539.431034483,68.470298495,0.019329243,38.031954782
NeptuneLeverrier,51,2420058.362068966,79.143389348,0.019995844,38.854286271
NeptuneLeverrier,51,2422577.293103448,88.851950447,0.019921716,39.945618877
NeptuneLeverrier,51,2425096.224137931,97.570435753,0.019359278,40.804058719
NeptuneLeverrier,51,2427615.155172414,105.764620330,0.018445034,41.038596203
NeptuneLeverrier,51,2430134.086206897,114.104941015,0.017237641,40.558692950
NeptuneLeverrier,51,2432653.017241379,123.194371390,0.015618166,39.609755614
NeptuneLeverrier,51,2435171.948275862,133.289802662,0.013434455,38.665209904
NeptuneLeverrier,51,2437690.879310345,144.076031455,0.010643899,38.163140021
NeptuneLeverrier,51,2440209.810344827,154.815527624,0.007384628,38.188503344
NeptuneLeverrier,51,2442728.741379310,164.945430933,0.003934747,38.388210939
NeptuneLeverrier,51,2445247.672413793,174.531097185,0.000377757,38.240590983
NeptuneLeverrier,51,2447766.603448276,184.188414082,-0.003284504,37.421711234
NeptuneLeverrier,51,2450285.534482758,194.734595496,-0.007134228,35.999683678
NeptuneLeverrier,51,2452804.465517242,206.798012835,-0.011068819,34.411882783
NeptuneLeverrier,51,2455323.396551724,220.387881285,-0.014675292,33.247625520
NeptuneLeverrier,51,2457842.327586207,234.682600345,-0.017387500,32.871926916
NeptuneLeverrier,51,2460361.258620690,248.564044940,-0.018870146,33.122184314
NeptuneLeverrier,51,2462880.189655173,261.566920907,-0.019332898,33.422096910
NeptuneLeverrier,51,2465399.120689655,274.175215106,-0.019026509,33.254815419
NeptuneLeverrier,51,2467918.051724138,287.341211945,-0.018013642,32.568456544
NeptuneLeverrier,51,2470436.982758621,301.739114635,-0.016021402,31.828989823
NeptuneLeverrier,51,2472955.913793103,317.102633679,-0.012826115,31.686517280
NeptuneLeverrier,51,2475474.844827586,332.222451704,-0.008660807,32.457208137
NeptuneLeverrier,51,2477993.775862069,345.918748020,-0.004085262,33.864469886
NeptuneLeverrier,51,2480512.706896552,357.926425382,0.000401921,35.284432178
NeptuneLeverrier,51,2483031.637931034,8.824648964,0.004687911,36.192170531
NeptuneLeverrier,51,2485550.568965517,19.509369632,0.008741939,36.457927364
NeptuneLeverrier,51,2488069.500000000,30.675378015,0.012459752,36.398597258
NeptuneAdams,52,2415020.500000000,60.951993819,0.018397598,38.360806524
NeptuneAdams,52,2417539.431034483,71.760206248,0.019625011,38.838196515
NeptuneAdams,52,2420058.362068966,82.071591996,0.020075528,39.872211816
NeptuneAdams,52,2422577.293103448,91.346042513,0.019849043,41.150332476
NeptuneAdams,52,2425096.224137931,99.607351910,0.019200900,42.175323951
NeptuneAdams,52,2427615.155172414,107.324068718,0.018257507,42.575982359
NeptuneAdams,52,2430134.086206897,115.129096207,0.017073474,42.277276067
NeptuneAdams,52,2432653.017241379,123.567916246,0.015544528,41.523068852
NeptuneAdams,52,2435171.948275862,132.854395369,0.013543628,40.765770590
NeptuneAdams,52,2437690.879310345,142.690920686,0.011037972,40.417629766
NeptuneAdams,52,2440209.810344827,152.417944698,0.008138682,40.560126119
NeptuneAdams,52,2442728.741379310,161.529812220,0.005078675,40.865806146
NeptuneAdams,52,2445247.672413793,170.064368598,0.001925922,40.838349991
NeptuneAdams,52,2447766.603448276,178.545531233,-0.001315326,40.146161392
NeptuneAdams,52,2450285.534482758,187.691938126,-0.004739314,38.807114297
NeptuneAdams,52,2452804.465517242,198.103619905,-0.008327824,37.182010856
NeptuneAdams,52,2455323.396551724,209.927945571,-0.011843554,35.806154936
NeptuneAdams,52,2457842.327586207,222.634430168,-0.014875420,35.081568223
NeptuneAdams,52,2460361.258620690,235.296228335,-0.017056837,34.975456765
NeptuneAdams,52,2462880.189655173,247.350044545,-0.018435235,35.018623409
NeptuneAdams,52,2465399.120689655,259.051607818,-0.019182087,34.672601810
NeptuneAdams,52,2467918.051724138,271.245972650,-0.019390849,33.750891909
NeptuneAdams,52,2470436.982758621,284.768972840,-0.018793887,32.582471528
NeptuneAdams,52,2472955.913793103,299.761703831,-0.016950277,31.817750974
NeptuneAdams,52,2475474.844827586,315.298694629,-0.013692411,31.960962467
NeptuneAdams,52,2477993.775862069,329.982478908,-0.009401580,32.960131163
NeptuneAdams,52,2480512.706896552,343.075537669,-0.004764653,34.261761323
NeptuneAdams,52,2483031.637931034,354.857488532,-0.000142431,35.249811893
NeptuneAdams,52,2485550.568965517,6.173922795,0.004327751,35.646486914
NeptuneAdams,52,2488069.500000000,17.827710858,0.008564729,35.659292830
PlutoLowell,53,2415020.500000000,69.837542983,0.008746061,47.338616533
PlutoLowell,53,2417539.431034483,77.770930824,0.009006867,46.209467264
PlutoLowell,53,2420058.362068966,85.887628025,0.009121394,45.551936950
PlutoLowell,53,2422577.293103448,93.763887764,0.009038831,45.100389684
PlutoLowell,53,2425096.224137931,101.358203227,0.008786152,44.425591010
PlutoLowell,53,2427615.155172414,109.033089076,0.008337326,43.199602502
PlutoLowell,53,2430134.086206897,117.398657708,0.007692475,41.373708513
PlutoLowell,53,2432653.017241379,127.082991352,0.006765103,39.234722682
PlutoLowell,53,2435171.948275862,138.396629693,0.005473075,37.316099780
PlutoLowell,53,2437690.879310345,150.968636226,0.003818804,36.116550387
PlutoLowell,53,2440209.810344827,163.839353530,0.001911555,35.726838937
PlutoLowell,53,2442728.741379310,176.233627777,-0.000046593,35.736800279
PlutoLowell,53,2445247.672413793,188.174729872,-0.002024571,35.590447808
PlutoLowell,53,2447766.603448276,200.314634958,-0.003981037,35.032511870
PlutoLowell,53,2450285.534482758,213.354464862,-0.005884408,34.288637327
PlutoLowell,53,2452804.465517242,227.439453981,-0.007532659,33.923184815
PlutoLowell,53,2455323.396551724,241.809816875,-0.008638859,34.447595055
PlutoLowell,53,2457842.327586207,255.213417760,-0.009092664,35.910082267
PlutoLowell,53,2460361.258620690,266.875324598,-0.009005648,37.840473369
PlutoLowell,53,2462880.189655173,276.935950268,-0.008661469,39.603935335
PlutoLowell,53,2465399.120689655,286.110819417,-0.008196981,40.812953990
PlutoLowell,53,2467918.051724138,295.152381988,-0.007676294,41.514546544
PlutoLowell,53,2470436.982758621,304.444342545,-0.007039863,42.098604395
PlutoLowell,53,2472955.913793103,313.833413909,-0.006234460,43.011351889
PlutoLowell,53,2475474.844827586,322.794203405,-0.005260355,44.458475345
PlutoLowell,53,2477993.775862069,330.834752130,-0.004138970,46.288241404
PlutoLowell,53,2480512.706896552,337.812797933,-0.002961451,48.102849621
PlutoLowell,53,2483031.637931034,343.968730547,-0.001760361,49.483639822
PlutoLowell,53,2485550.568965517,349.776129637,-0.000588910,50.197127417
PlutoLowell,53,2488069.500000000,355.734900598,0.000531994,50.311004373
PlutoPickering,54,2415020.500000000,64.220071595,-9.097686260,39.829029959
PlutoPickering,54,2417539.431034483,75.478106192,-6.796542999,41.065752939
PlutoPickering,54,2420058.362068966,85.650780280,-4.385066168,43.142033131
PlutoPickering,54,2422577.293103448,94.303528858,-2.085841019,45.667949873
PlutoPickering,54,2425096.224137931,101.593199145,0.009837505,48.115768738
PlutoPickering,54,2427615.155172414,108.015615450,1.919859106,50.118854319
PlutoPickering,54,2430134.086206897,114.111701344,3.693071593,51.601405714
PlutoPickering,54,2432653.017241379,120.272816072,5.352017756,52.766947171
PlutoPickering,54,2435171.948275862,126.613224014,6.870574760,53.983206239
PlutoPickering,54,2437690.879310345,132.928154151,8.192338684,55.582622838
PlutoPickering,54,2440209.810344827,138.828578838,9.283600338,57.654005220
PlutoPickering,54,2442728.741379310,144.014906745,10.172771017,59.978626813
PlutoPickering,54,2445247.672413793,148.465236156,10.934507432,62.172381885
PlutoPickering,54,2447766.603448276,152.408747480,11.643448394,63.908368102
PlutoPickering,54,2450285.534482758,156.179738599,12.340832503,65.062566532
PlutoPickering,54,2452804.465517242,160.078550509,13.023674162,65.740697316
PlutoPickering,54,2455323.396551724,164.270980378,13.648688899,66.218410947
PlutoPickering,54,2457842.327586207,168.724807261,14.151259015,66.822990936
PlutoPickering,54,2460361.258620690,173.214013569,14.482030098,67.779419302
PlutoPickering,54,2462880.189655173,177.432600663,14.644013200,69.081688324
PlutoPickering,54,2465399.120689655,181.176421625,14.696671353,70.483252412
PlutoPickering,54,2467918.051724138,184.458627498,14.719737403,71.634493352
PlutoPickering,54,2470436.982758621,187.483213157,14.770072929,72.273292547
PlutoPickering,54,2472955.913793103,190.529306845,14.860595866,72.343174034
PlutoPickering,54,2475474.844827586,193.833330413,14.961294064,71.998210156
PlutoPickering,54,2477993.775862069,197.503343193,15.012711192,71.526600947
PlutoPickering,54,2480512.706896552,201.472364159,14.950106363,71.228583782
PlutoPickering,54,2483031.637931034,205.516318131,14.735996100,71.280641338
PlutoPickering,54,2485550.568965517,209.358193088,14.384512413,71.636621796
PlutoPickering,54,2488069.500000000,212.823061874,13.955140025,72.034504390
Vulcan,55,2415020.500000000,280.333916251,-0.636970625,1.118798424
Vulcan,55,2417539.431034483,236.442759338,0.027578699,0.902396792
Vulcan,55,2420058.362068966,212.903421637,0.841519445,0.984609205
Vulcan,55,2422577.293103448,164.944674054,0.905223257,1.133668853
Vulcan,55,2425096.224137931,127.790996048,0.539224887,0.893586429
Vulcan,55,2427615.155172414,102.727215641,-0.315321307,1.052864085
Vulcan,55,2430134.086206897,53.682189115,-0.844536381,1.103037886
Vulcan,55,2432653.017241379,21.951740395,-1.067639100,0.863721782
Vulcan,55,2435171.948275862,350.786560891,-0.241538362,1.071560556
Vulcan,55,2437690.879310345,299.195057353,0.596488167,1.037658809
Vulcan,55,2440209.810344827,270.036438095,1.178829957,0.853268075
Vulcan,55,2442728.741379310,233.783546388,0.657819325,1.103714165
Vulcan,55,2445247.672413793,184.108543463,0.004761027,1.019733559
Vulcan,55,2447766.603448276,160.087170302,-0.898960875,0.905232017
Vulcan,55,2450285.534482758,120.817772798,-0.896904517,1.147585443
Vulcan,55,2452804.465517242,75.104902509,-0.522720137,0.971926391
Vulcan,55,2455323.396551724,53.308947349,0.316596080,0.941822811
Vulcan,55,2457842.327586207,8.375738664,0.816768845,1.131990422
Vulcan,55,2460361.258620690,324.750542572,1.051002207,0.900310320
Vulcan,55,2462880.189655173,300.710237435,0.307258676,0.962496897
Vulcan,55,2465399.120689655,251.304434814,-0.524489734,1.113204107
Vulcan,55,2467918.051724138,211.445345274,-1.132501287,0.882395883
Vulcan,55,2470436.982758621,186.280341208,-0.732029662,1.033540112
Vulcan,55,2472955.913793103,137.365185947,-0.044640121,1.119355959
Vulcan,55,2475474.844827586,104.864039140,0.889587737,0.881641237
Vulcan,55,2477993.775862069,76.115117167,0.942838307,1.085289439
Vulcan,55,2480512.706896552,26.270333455,0.502713517,1.061327867
Vulcan,55,2483031.637931034,357.908353589,-0.300154451,0.859303917
Vulcan,55,2485550.568965517,322.202424607,-0.827022957,1.092985296
Vulcan,55,2488069.500000000,271.252422336,-0.947621375,1.002171605
WhiteMoon,56,2415020.500000000,140.145713409,0.007487617,0.052800989
WhiteMoon,56,2417539.431034483,134.771584279,0.007871035,0.052800989
WhiteMoon,56,2420058.362068966,129.397452210,0.008057395,0.052800989
WhiteMoon,56,2422577.293103448,124.023317209,0.008055821,0.052800989
WhiteMoon,56,2425096.224137931,118.649179287,0.007878101,0.052800989
WhiteMoon,56,2427615.155172414,113.275038450,0.007538483,0.052800989
WhiteMoon,56,2430134.086206897,107.900894704,0.007053443,0.052800989
WhiteMoon,56,2432653.017241379,102.526748052,0.006441419,0.052800989
WhiteMoon,56,2435171.948275862,97.152598497,0.005722525,0.052800989
WhiteMoon,56,2437690.879310345,91.778446039,0.004918251,0.052800989
WhiteMoon,56,2440209.810344827,86.404290676,0.004051136,0.052800989
WhiteMoon,56,2442728.741379310,81.030132405,0.003144440,0.052800989
WhiteMoon,56,2445247.672413793,75.655971222,0.002221804,0.052800989
WhiteMoon,56,2447766.603448276,70.281807124,0.001306902,0.052800989
WhiteMoon,56,2450285.534482758,64.907640105,0.000423102,0.052800989
WhiteMoon,56,2452804.465517242,59.533470163,-0.000406875,0.052800989
WhiteMoon,56,2455323.396551724,54.159297295,-0.001161284,0.052800989
WhiteMoon,56,2457842.327586207,48.785121499,-0.001819671,0.052800989
WhiteMoon,56,2460361.258620690,43.410942774,-0.002363175,0.052800989
WhiteMoon,56,2462880.189655173,38.036761122,-0.002774804,0.052800989
WhiteMoon,56,2465399.120689655,32.662576546,-0.003039696,0.052800989
WhiteMoon,56,2467918.051724138,27.288389051,-0.003145340,0.052800989
WhiteMoon,56,2470436.982758621,21.914198640,-0.003081778,0.052800989
WhiteMoon,56,2472955.913793103,16.540005320,-0.002841773,0.052800989
WhiteMoon,56,2475474.844827586,11.165809097,-0.002420935,0.052800989
WhiteMoon,56,2477993.775862069,5.791609976,-0.001817817,0.052800989
WhiteMoon,56,2480512.706896552,0.417407963,-0.001033977,0.052800989
WhiteMoon,56,2483031.637931034,355.043203061,-0.000073991,0.052800989
WhiteMoon,56,2485550.568965517,349.668995271,0.001054567,0.052800989
WhiteMoon,56,2488069.500000000,344.294784592,0.002341181,0.052800989
Proserpina,57,2415020.500000000,172.800633087,0.000528313,78.904093803
Proserpina,57,2417539.431034483,176.207923068,-0.000237239,79.608475324
Proserpina,57,2420058.362068966,179.289370616,-0.000824910,80.121332002
Proserpina,57,2422577.293103448,182.219900720,-0.001291450,80.200648249
Proserpina,57,2425096.224137931,185.232126463,-0.001668802,79.819984619
Proserpina,57,2427615.155172414,188.514973981,-0.001996484,79.161136948
Proserpina,57,2430134.086206897,192.139197872,-0.002253436,78.530343614
Proserpina,57,2432653.017241379,196.018895773,-0.002421758,78.228956965
Proserpina,57,2435171.948275862,199.935614273,-0.002469759,78.413225445
Proserpina,57,2437690.879310345,203.640573158,-0.002375220,79.001087700
Proserpina,57,2440209.810344827,206.992426812,-0.002152286,79.699160483
Proserpina,57,2442728.741379310,210.034141368,-0.001808616,80.157865455
Proserpina,57,2445247.672413793,212.958712154,-0.001388671,80.157664885
Proserpina,57,2447766.603448276,216.004075145,-0.000888092,79.709114696
Proserpina,57,2450285.534482758,219.345869767,-0.000315998,79.029891420
Proserpina,57,2452804.465517242,223.025375572,0.000334487,78.438871391
Proserpina,57,2455323.396551724,226.927008693,0.001066142,78.216815140
Proserpina,57,2457842.327586207,230.821635720,0.001862523,78.477768892
Proserpina,57,2460361.258620690,234.475088247,0.002720868,79.102658288
Proserpina,57,2462880.189655173,237.772556529,0.003606227,79.784533221
Proserpina,57,2465399.120689655,240.780242545,0.004522786,80.183339516
Proserpina,57,2467918.051724138,243.705555591,0.005457952,80.104788936
Proserpina,57,2470436.982758621,246.788724178,0.006421232,79.595012645
Proserpina,57,2472955.913793103,250.190383796,0.007406712,78.904325775
Proserpina,57,2475474.844827586,253.921967503,0.008395888,78.360906712
Proserpina,57,2477993.775862069,257.839076828,0.009383004,78.221970144
Proserpina,57,2480512.706896552,261.704752517,0.010333618,78.557122711
Proserpina,57,2483031.637931034,265.303004002,0.011248458,79.210807514
Proserpina,57,2485550.568965517,268.547635740,0.012117398,79.866655728
Proserpina,57,2488069.500000000,271.527212414,0.012952386,80.200048938
Waldemath,58,2415020.500000000,276.980656303,0.763593268,0.006971821
Waldemath,58,2417539.431034483,319.854188019,-2.445318771,0.006202775
Waldemath,58,2420058.362068966,352.593701468,1.384308723,0.005761429
Waldemath,58,2422577.293103448,23.702940091,1.519182084,0.006032083
Waldemath,58,2425096.224137931,63.758321992,-2.456047264,0.006767286
Waldemath,58,2427615.155172414,113.264259033,1.202834394,0.007473859
Waldemath,58,2430134.086206897,168.200476216,0.798545309,0.007874512
Waldemath,58,2432653.017241379,224.747017988,-2.257075841,0.007872233
Waldemath,58,2435171.948275862,279.566938092,2.319446229,0.007467478
Waldemath,58,2437690.879310345,329.008737942,-0.711106868,0.006758648
Waldemath,58,2440209.810344827,9.022782617,-1.782383066,0.006025628
Waldemath,58,2442728.741379310,39.976276472,2.245856674,0.005762619
Waldemath,58,2445247.672413793,72.867894111,0.257999540,0.006210437
Waldemath,58,2447766.603448276,115.873750662,-2.246503966,0.006980151
Waldemath,58,2450285.534482758,167.243815055,2.265122216,0.007620587
Waldemath,58,2452804.465517242,222.936152612,-0.807462276,0.007915426
Waldemath,58,2455323.396551724,279.389573571,-1.144758122,0.007799304
Waldemath,58,2457842.327586207,333.158713176,2.410908609,0.007295846
Waldemath,58,2460361.258620690,20.324542642,-1.913484199,0.006541950
Waldemath,58,2462880.189655173,57.400873321,-0.625015054,0.005885030
Waldemath,58,2465399.120689655,87.547565650,2.508796660,0.005822379
Waldemath,58,2467918.051724138,122.859325262,-1.117505508,0.006412671
Waldemath,58,2470436.982758621,168.602046534,-1.226398901,0.007181687
Waldemath,58,2472955.913793103,221.569030205,2.439228359,0.007740511
Waldemath,58,2475474.844827586,277.749902092,-2.082163836,0.007924979
Waldemath,58,2477993.775862069,333.805488170,0.427258268,0.007696657
Waldemath,58,2480512.706896552,26.241115632,1.600002721,0.007104132
Waldemath,58,2483031.637931034,70.870434557,-2.469044335,0.006331003
Waldemath,58,2485550.568965517,105.165984341,0.679003897,0.005792111
Waldemath,58,2488069.500000000,135.573242360,2.083737504,0.005935245
